video_id,label
real life violence situations\Real Life Violence Dataset\Violence\V_191,1
real life violence situations\Real Life Violence Dataset\Violence\V_805,1
Real Life Violence Dataset\Violence\V_12,1
Real Life Violence Dataset\NonViolence\NV_171,0
Real Life Violence Dataset\NonViolence\NV_380,0
real life violence situations\Real Life Violence Dataset\Violence\V_797,1
Real Life Violence Dataset\Violence\V_512,1
Real Life Violence Dataset\Violence\V_381,1
real life violence situations\Real Life Violence Dataset\NonViolence\NV_176,0
Real Life Violence Dataset\NonViolence\NV_997,0
real life violence situations\Real Life Violence Dataset\NonViolence\NV_445,0
Real Life Violence Dataset\NonViolence\NV_724,0
Real Life Violence Dataset\NonViolence\NV_241,0
real life violence situations\Real Life Violence Dataset\NonViolence\NV_993,0
Real Life Violence Dataset\Violence\V_869,1
real life violence situations\Real Life Violence Dataset\NonViolence\NV_151,0
real life violence situations\Real Life Violence Dataset\NonViolence\NV_951,0
Real Life Violence Dataset\NonViolence\NV_767,0
Real Life Violence Dataset\Violence\V_894,1
real life violence situations\Real Life Violence Dataset\NonViolence\NV_148,0
real life violence situations\Real Life Violence Dataset\NonViolence\NV_834,0
Real Life Violence Dataset\NonViolence\NV_266,0
real life violence situations\Real Life Violence Dataset\Violence\V_573,1
Real Life Violence Dataset\Violence\V_937,1
real life violence situations\Real Life Violence Dataset\Violence\V_756,1
real life violence situations\Real Life Violence Dataset\Violence\V_168,1
real life violence situations\Real Life Violence Dataset\NonViolence\NV_155,0
Real Life Violence Dataset\NonViolence\NV_39,0
real life violence situations\Real Life Violence Dataset\Violence\V_342,1
Real Life Violence Dataset\NonViolence\NV_889,0
Real Life Violence Dataset\Violence\V_146,1
real life violence situations\Real Life Violence Dataset\NonViolence\NV_474,0
Real Life Violence Dataset\NonViolence\NV_140,0
Real Life Violence Dataset\Violence\V_123,1
real life violence situations\Real Life Violence Dataset\Violence\V_987,1
real life violence situations\Real Life Violence Dataset\NonViolence\NV_927,0
Real Life Violence Dataset\Violence\V_756,1
real life violence situations\Real Life Violence Dataset\NonViolence\NV_722,0
Real Life Violence Dataset\NonViolence\NV_568,0
Real Life Violence Dataset\NonViolence\NV_395,0
real life violence situations\Real Life Violence Dataset\Violence\V_477,1
Real Life Violence Dataset\NonViolence\NV_422,0
real life violence situations\Real Life Violence Dataset\NonViolence\NV_590,0
real life violence situations\Real Life Violence Dataset\Violence\V_604,1
real life violence situations\Real Life Violence Dataset\Violence\V_951,1
Real Life Violence Dataset\NonViolence\NV_592,0
real life violence situations\Real Life Violence Dataset\Violence\V_899,1
real life violence situations\Real Life Violence Dataset\NonViolence\NV_867,0
real life violence situations\Real Life Violence Dataset\NonViolence\NV_796,0
Real Life Violence Dataset\Violence\V_689,1
real life violence situations\Real Life Violence Dataset\NonViolence\NV_175,0
Real Life Violence Dataset\Violence\V_236,1
Real Life Violence Dataset\NonViolence\NV_982,0
real life violence situations\Real Life Violence Dataset\NonViolence\NV_113,0
Real Life Violence Dataset\Violence\V_768,1
real life violence situations\Real Life Violence Dataset\NonViolence\NV_223,0
real life violence situations\Real Life Violence Dataset\NonViolence\NV_741,0
Real Life Violence Dataset\NonViolence\NV_879,0
Real Life Violence Dataset\NonViolence\NV_809,0
Real Life Violence Dataset\NonViolence\NV_569,0
real life violence situations\Real Life Violence Dataset\NonViolence\NV_66,0
Real Life Violence Dataset\NonViolence\NV_868,0
Real Life Violence Dataset\Violence\V_860,1
Real Life Violence Dataset\Violence\V_260,1
Real Life Violence Dataset\NonViolence\NV_482,0
Real Life Violence Dataset\Violence\V_332,1
real life violence situations\Real Life Violence Dataset\NonViolence\NV_60,0
Real Life Violence Dataset\NonViolence\NV_831,0
Real Life Violence Dataset\Violence\V_92,1
real life violence situations\Real Life Violence Dataset\NonViolence\NV_742,0
Real Life Violence Dataset\NonViolence\NV_574,0
Real Life Violence Dataset\NonViolence\NV_965,0
Real Life Violence Dataset\NonViolence\NV_634,0
Real Life Violence Dataset\NonViolence\NV_631,0
real life violence situations\Real Life Violence Dataset\Violence\V_982,1
real life violence situations\Real Life Violence Dataset\NonViolence\NV_278,0
real life violence situations\Real Life Violence Dataset\NonViolence\NV_934,0
Real Life Violence Dataset\Violence\V_437,1
Real Life Violence Dataset\Violence\V_224,1
Real Life Violence Dataset\Violence\V_764,1
Real Life Violence Dataset\NonViolence\NV_495,0
real life violence situations\Real Life Violence Dataset\NonViolence\NV_710,0
Real Life Violence Dataset\NonViolence\NV_876,0
real life violence situations\Real Life Violence Dataset\Violence\V_478,1
real life violence situations\Real Life Violence Dataset\Violence\V_242,1
Real Life Violence Dataset\Violence\V_955,1
real life violence situations\Real Life Violence Dataset\NonViolence\NV_157,0
Real Life Violence Dataset\NonViolence\NV_458,0
Real Life Violence Dataset\NonViolence\NV_904,0
Real Life Violence Dataset\Violence\V_588,1
real life violence situations\Real Life Violence Dataset\NonViolence\NV_17,0
real life violence situations\Real Life Violence Dataset\NonViolence\NV_449,0
real life violence situations\Real Life Violence Dataset\Violence\V_87,1
Real Life Violence Dataset\Violence\V_727,1
real life violence situations\Real Life Violence Dataset\Violence\V_251,1
Real Life Violence Dataset\NonViolence\NV_426,0
real life violence situations\Real Life Violence Dataset\NonViolence\NV_957,0
real life violence situations\Real Life Violence Dataset\NonViolence\NV_752,0
Real Life Violence Dataset\NonViolence\NV_786,0
real life violence situations\Real Life Violence Dataset\Violence\V_387,1
Real Life Violence Dataset\Violence\V_29,1
Real Life Violence Dataset\NonViolence\NV_245,0
Real Life Violence Dataset\NonViolence\NV_928,0
Real Life Violence Dataset\NonViolence\NV_691,0
Real Life Violence Dataset\NonViolence\NV_946,0
Real Life Violence Dataset\Violence\V_427,1
Real Life Violence Dataset\NonViolence\NV_129,0
real life violence situations\Real Life Violence Dataset\Violence\V_662,1
Real Life Violence Dataset\NonViolence\NV_72,0
Real Life Violence Dataset\NonViolence\NV_680,0
real life violence situations\Real Life Violence Dataset\NonViolence\NV_218,0
real life violence situations\Real Life Violence Dataset\Violence\V_897,1
real life violence situations\Real Life Violence Dataset\NonViolence\NV_828,0
real life violence situations\Real Life Violence Dataset\Violence\V_435,1
real life violence situations\Real Life Violence Dataset\Violence\V_910,1
Real Life Violence Dataset\NonViolence\NV_675,0
Real Life Violence Dataset\Violence\V_563,1
real life violence situations\Real Life Violence Dataset\NonViolence\NV_275,0
Real Life Violence Dataset\NonViolence\NV_343,0
Real Life Violence Dataset\NonViolence\NV_964,0
real life violence situations\Real Life Violence Dataset\NonViolence\NV_611,0
real life violence situations\Real Life Violence Dataset\NonViolence\NV_775,0
real life violence situations\Real Life Violence Dataset\Violence\V_418,1
real life violence situations\Real Life Violence Dataset\NonViolence\NV_127,0
Real Life Violence Dataset\NonViolence\NV_909,0
real life violence situations\Real Life Violence Dataset\NonViolence\NV_660,0
Real Life Violence Dataset\NonViolence\NV_521,0
Real Life Violence Dataset\NonViolence\NV_753,0
Real Life Violence Dataset\Violence\V_3,1
Real Life Violence Dataset\NonViolence\NV_858,0
Real Life Violence Dataset\NonViolence\NV_358,0
Real Life Violence Dataset\NonViolence\NV_31,0
real life violence situations\Real Life Violence Dataset\Violence\V_905,1
real life violence situations\Real Life Violence Dataset\Violence\V_586,1
Real Life Violence Dataset\Violence\V_669,1
Real Life Violence Dataset\Violence\V_406,1
Real Life Violence Dataset\Violence\V_847,1
real life violence situations\Real Life Violence Dataset\NonViolence\NV_331,0
real life violence situations\Real Life Violence Dataset\Violence\V_706,1
real life violence situations\Real Life Violence Dataset\NonViolence\NV_599,0
real life violence situations\Real Life Violence Dataset\Violence\V_762,1
real life violence situations\Real Life Violence Dataset\Violence\V_760,1
real life violence situations\Real Life Violence Dataset\Violence\V_315,1
Real Life Violence Dataset\Violence\V_638,1
Real Life Violence Dataset\NonViolence\NV_760,0
Real Life Violence Dataset\Violence\V_229,1
real life violence situations\Real Life Violence Dataset\NonViolence\NV_744,0
real life violence situations\Real Life Violence Dataset\Violence\V_737,1
real life violence situations\Real Life Violence Dataset\Violence\V_258,1
real life violence situations\Real Life Violence Dataset\Violence\V_850,1
Real Life Violence Dataset\Violence\V_90,1
Real Life Violence Dataset\Violence\V_266,1
real life violence situations\Real Life Violence Dataset\Violence\V_212,1
real life violence situations\Real Life Violence Dataset\NonViolence\NV_790,0
real life violence situations\Real Life Violence Dataset\NonViolence\NV_37,0
real life violence situations\Real Life Violence Dataset\NonViolence\NV_455,0
real life violence situations\Real Life Violence Dataset\NonViolence\NV_366,0
real life violence situations\Real Life Violence Dataset\Violence\V_375,1
Real Life Violence Dataset\NonViolence\NV_432,0
real life violence situations\Real Life Violence Dataset\Violence\V_249,1
Real Life Violence Dataset\NonViolence\NV_578,0
Real Life Violence Dataset\Violence\V_237,1
Real Life Violence Dataset\NonViolence\NV_151,0
Real Life Violence Dataset\NonViolence\NV_871,0
Real Life Violence Dataset\Violence\V_86,1
Real Life Violence Dataset\NonViolence\NV_208,0
Real Life Violence Dataset\NonViolence\NV_991,0
real life violence situations\Real Life Violence Dataset\NonViolence\NV_907,0
real life violence situations\Real Life Violence Dataset\Violence\V_433,1
real life violence situations\Real Life Violence Dataset\NonViolence\NV_230,0
real life violence situations\Real Life Violence Dataset\Violence\V_294,1
Real Life Violence Dataset\NonViolence\NV_79,0
Real Life Violence Dataset\NonViolence\NV_843,0
real life violence situations\Real Life Violence Dataset\NonViolence\NV_482,0
real life violence situations\Real Life Violence Dataset\NonViolence\NV_976,0
Real Life Violence Dataset\NonViolence\NV_247,0
real life violence situations\Real Life Violence Dataset\NonViolence\NV_924,0
real life violence situations\Real Life Violence Dataset\NonViolence\NV_914,0
real life violence situations\Real Life Violence Dataset\Violence\V_767,1
Real Life Violence Dataset\NonViolence\NV_429,0
real life violence situations\Real Life Violence Dataset\NonViolence\NV_579,0
real life violence situations\Real Life Violence Dataset\Violence\V_268,1
real life violence situations\Real Life Violence Dataset\NonViolence\NV_810,0
Real Life Violence Dataset\Violence\V_84,1
real life violence situations\Real Life Violence Dataset\NonViolence\NV_769,0
real life violence situations\Real Life Violence Dataset\NonViolence\NV_463,0
Real Life Violence Dataset\NonViolence\NV_979,0
real life violence situations\Real Life Violence Dataset\Violence\V_648,1
Real Life Violence Dataset\Violence\V_703,1
Real Life Violence Dataset\Violence\V_75,1
Real Life Violence Dataset\NonViolence\NV_216,0
real life violence situations\Real Life Violence Dataset\Violence\V_185,1
real life violence situations\Real Life Violence Dataset\NonViolence\NV_253,0
real life violence situations\Real Life Violence Dataset\NonViolence\NV_500,0
Real Life Violence Dataset\Violence\V_726,1
Real Life Violence Dataset\Violence\V_489,1
Real Life Violence Dataset\Violence\V_599,1
Real Life Violence Dataset\NonViolence\NV_355,0
real life violence situations\Real Life Violence Dataset\Violence\V_538,1
real life violence situations\Real Life Violence Dataset\NonViolence\NV_418,0
Real Life Violence Dataset\NonViolence\NV_199,0
real life violence situations\Real Life Violence Dataset\Violence\V_57,1
Real Life Violence Dataset\NonViolence\NV_882,0
real life violence situations\Real Life Violence Dataset\Violence\V_238,1
Real Life Violence Dataset\NonViolence\NV_15,0
real life violence situations\Real Life Violence Dataset\NonViolence\NV_322,0
real life violence situations\Real Life Violence Dataset\Violence\V_874,1
Real Life Violence Dataset\NonViolence\NV_774,0
Real Life Violence Dataset\NonViolence\NV_716,0
Real Life Violence Dataset\Violence\V_651,1
real life violence situations\Real Life Violence Dataset\NonViolence\NV_813,0
real life violence situations\Real Life Violence Dataset\Violence\V_264,1
Real Life Violence Dataset\NonViolence\NV_65,0
Real Life Violence Dataset\Violence\V_428,1
Real Life Violence Dataset\NonViolence\NV_908,0
Real Life Violence Dataset\NonViolence\NV_860,0
real life violence situations\Real Life Violence Dataset\NonViolence\NV_868,0
Real Life Violence Dataset\NonViolence\NV_945,0
Real Life Violence Dataset\NonViolence\NV_629,0
real life violence situations\Real Life Violence Dataset\NonViolence\NV_841,0
real life violence situations\Real Life Violence Dataset\Violence\V_51,1
Real Life Violence Dataset\Violence\V_862,1
Real Life Violence Dataset\Violence\V_676,1
real life violence situations\Real Life Violence Dataset\Violence\V_499,1
real life violence situations\Real Life Violence Dataset\Violence\V_782,1
real life violence situations\Real Life Violence Dataset\Violence\V_700,1
Real Life Violence Dataset\Violence\V_348,1
Real Life Violence Dataset\NonViolence\NV_670,0
Real Life Violence Dataset\NonViolence\NV_274,0
Real Life Violence Dataset\Violence\V_152,1
real life violence situations\Real Life Violence Dataset\Violence\V_466,1
Real Life Violence Dataset\NonViolence\NV_694,0
Real Life Violence Dataset\Violence\V_275,1
real life violence situations\Real Life Violence Dataset\NonViolence\NV_446,0
real life violence situations\Real Life Violence Dataset\NonViolence\NV_695,0
Real Life Violence Dataset\Violence\V_33,1
Real Life Violence Dataset\NonViolence\NV_658,0
real life violence situations\Real Life Violence Dataset\Violence\V_267,1
Real Life Violence Dataset\Violence\V_357,1
Real Life Violence Dataset\Violence\V_850,1
Real Life Violence Dataset\NonViolence\NV_457,0
Real Life Violence Dataset\NonViolence\NV_191,0
Real Life Violence Dataset\NonViolence\NV_676,0
Real Life Violence Dataset\Violence\V_125,1
real life violence situations\Real Life Violence Dataset\NonViolence\NV_526,0
real life violence situations\Real Life Violence Dataset\NonViolence\NV_511,0
real life violence situations\Real Life Violence Dataset\Violence\V_458,1
real life violence situations\Real Life Violence Dataset\NonViolence\NV_294,0
real life violence situations\Real Life Violence Dataset\NonViolence\NV_713,0
real life violence situations\Real Life Violence Dataset\Violence\V_401,1
real life violence situations\Real Life Violence Dataset\NonViolence\NV_822,0
Real Life Violence Dataset\NonViolence\NV_349,0
real life violence situations\Real Life Violence Dataset\NonViolence\NV_906,0
real life violence situations\Real Life Violence Dataset\Violence\V_759,1
Real Life Violence Dataset\NonViolence\NV_906,0
real life violence situations\Real Life Violence Dataset\NonViolence\NV_245,0
Real Life Violence Dataset\Violence\V_966,1
real life violence situations\Real Life Violence Dataset\Violence\V_963,1
Real Life Violence Dataset\NonViolence\NV_540,0
Real Life Violence Dataset\NonViolence\NV_994,0
real life violence situations\Real Life Violence Dataset\NonViolence\NV_344,0
real life violence situations\Real Life Violence Dataset\Violence\V_687,1
Real Life Violence Dataset\Violence\V_618,1
Real Life Violence Dataset\Violence\V_364,1
Real Life Violence Dataset\Violence\V_859,1
Real Life Violence Dataset\NonViolence\NV_453,0
Real Life Violence Dataset\NonViolence\NV_597,0
real life violence situations\Real Life Violence Dataset\NonViolence\NV_283,0
real life violence situations\Real Life Violence Dataset\Violence\V_784,1
Real Life Violence Dataset\Violence\V_296,1
real life violence situations\Real Life Violence Dataset\NonViolence\NV_425,0
real life violence situations\Real Life Violence Dataset\NonViolence\NV_627,0
Real Life Violence Dataset\NonViolence\NV_711,0
Real Life Violence Dataset\Violence\V_506,1
Real Life Violence Dataset\NonViolence\NV_70,0
real life violence situations\Real Life Violence Dataset\Violence\V_983,1
real life violence situations\Real Life Violence Dataset\Violence\V_143,1
real life violence situations\Real Life Violence Dataset\Violence\V_33,1
real life violence situations\Real Life Violence Dataset\NonViolence\NV_598,0
real life violence situations\Real Life Violence Dataset\NonViolence\NV_226,0
real life violence situations\Real Life Violence Dataset\NonViolence\NV_932,0
real life violence situations\Real Life Violence Dataset\Violence\V_517,1
real life violence situations\Real Life Violence Dataset\Violence\V_79,1
real life violence situations\Real Life Violence Dataset\NonViolence\NV_913,0
Real Life Violence Dataset\NonViolence\NV_903,0
real life violence situations\Real Life Violence Dataset\NonViolence\NV_374,0
Real Life Violence Dataset\NonViolence\NV_326,0
Real Life Violence Dataset\NonViolence\NV_754,0
Real Life Violence Dataset\NonViolence\NV_898,0
real life violence situations\Real Life Violence Dataset\NonViolence\NV_367,0
real life violence situations\Real Life Violence Dataset\NonViolence\NV_76,0
real life violence situations\Real Life Violence Dataset\Violence\V_316,1
Real Life Violence Dataset\NonViolence\NV_830,0
real life violence situations\Real Life Violence Dataset\NonViolence\NV_431,0
Real Life Violence Dataset\Violence\V_291,1
real life violence situations\Real Life Violence Dataset\NonViolence\NV_840,0
Real Life Violence Dataset\NonViolence\NV_445,0
real life violence situations\Real Life Violence Dataset\Violence\V_295,1
Real Life Violence Dataset\NonViolence\NV_455,0
Real Life Violence Dataset\NonViolence\NV_703,0
real life violence situations\Real Life Violence Dataset\Violence\V_432,1
real life violence situations\Real Life Violence Dataset\NonViolence\NV_762,0
Real Life Violence Dataset\Violence\V_157,1
Real Life Violence Dataset\NonViolence\NV_435,0
real life violence situations\Real Life Violence Dataset\Violence\V_649,1
Real Life Violence Dataset\Violence\V_798,1
real life violence situations\Real Life Violence Dataset\Violence\V_530,1
real life violence situations\Real Life Violence Dataset\Violence\V_455,1
real life violence situations\Real Life Violence Dataset\Violence\V_469,1
Real Life Violence Dataset\NonViolence\NV_78,0
real life violence situations\Real Life Violence Dataset\NonViolence\NV_377,0
Real Life Violence Dataset\NonViolence\NV_189,0
Real Life Violence Dataset\Violence\V_344,1
real life violence situations\Real Life Violence Dataset\Violence\V_547,1
real life violence situations\Real Life Violence Dataset\Violence\V_630,1
real life violence situations\Real Life Violence Dataset\NonViolence\NV_621,0
real life violence situations\Real Life Violence Dataset\Violence\V_934,1
real life violence situations\Real Life Violence Dataset\Violence\V_930,1
real life violence situations\Real Life Violence Dataset\NonViolence\NV_940,0
Real Life Violence Dataset\Violence\V_132,1
Real Life Violence Dataset\Violence\V_74,1
real life violence situations\Real Life Violence Dataset\Violence\V_18,1
Real Life Violence Dataset\Violence\V_849,1
real life violence situations\Real Life Violence Dataset\Violence\V_774,1
real life violence situations\Real Life Violence Dataset\Violence\V_623,1
Real Life Violence Dataset\Violence\V_802,1
Real Life Violence Dataset\Violence\V_306,1
real life violence situations\Real Life Violence Dataset\Violence\V_557,1
real life violence situations\Real Life Violence Dataset\Violence\V_855,1
Real Life Violence Dataset\NonViolence\NV_229,0
Real Life Violence Dataset\NonViolence\NV_630,0
Real Life Violence Dataset\Violence\V_433,1
Real Life Violence Dataset\Violence\V_711,1
Real Life Violence Dataset\Violence\V_897,1
Real Life Violence Dataset\NonViolence\NV_394,0
Real Life Violence Dataset\Violence\V_794,1
Real Life Violence Dataset\NonViolence\NV_788,0
real life violence situations\Real Life Violence Dataset\Violence\V_282,1
Real Life Violence Dataset\NonViolence\NV_287,0
Real Life Violence Dataset\Violence\V_890,1
Real Life Violence Dataset\Violence\V_575,1
Real Life Violence Dataset\NonViolence\NV_880,0
real life violence situations\Real Life Violence Dataset\Violence\V_836,1
Real Life Violence Dataset\NonViolence\NV_941,0
Real Life Violence Dataset\NonViolence\NV_506,0
real life violence situations\Real Life Violence Dataset\NonViolence\NV_560,0
Real Life Violence Dataset\NonViolence\NV_220,0
real life violence situations\Real Life Violence Dataset\NonViolence\NV_44,0
Real Life Violence Dataset\Violence\V_465,1
Real Life Violence Dataset\NonViolence\NV_1,0
real life violence situations\Real Life Violence Dataset\NonViolence\NV_620,0
real life violence situations\Real Life Violence Dataset\NonViolence\NV_806,0
real life violence situations\Real Life Violence Dataset\Violence\V_512,1
Real Life Violence Dataset\Violence\V_737,1
real life violence situations\Real Life Violence Dataset\NonViolence\NV_829,0
Real Life Violence Dataset\NonViolence\NV_272,0
Real Life Violence Dataset\Violence\V_305,1
real life violence situations\Real Life Violence Dataset\Violence\V_576,1
Real Life Violence Dataset\NonViolence\NV_808,0
real life violence situations\Real Life Violence Dataset\Violence\V_468,1
Real Life Violence Dataset\Violence\V_963,1
real life violence situations\Real Life Violence Dataset\Violence\V_89,1
real life violence situations\Real Life Violence Dataset\NonViolence\NV_470,0
real life violence situations\Real Life Violence Dataset\Violence\V_204,1
real life violence situations\Real Life Violence Dataset\NonViolence\NV_797,0
Real Life Violence Dataset\NonViolence\NV_896,0
Real Life Violence Dataset\NonViolence\NV_256,0
real life violence situations\Real Life Violence Dataset\NonViolence\NV_211,0
real life violence situations\Real Life Violence Dataset\NonViolence\NV_279,0
Real Life Violence Dataset\Violence\V_591,1
real life violence situations\Real Life Violence Dataset\NonViolence\NV_432,0
Real Life Violence Dataset\Violence\V_782,1
Real Life Violence Dataset\NonViolence\NV_152,0
Real Life Violence Dataset\NonViolence\NV_813,0
real life violence situations\Real Life Violence Dataset\Violence\V_411,1
Real Life Violence Dataset\NonViolence\NV_587,0
Real Life Violence Dataset\Violence\V_434,1
real life violence situations\Real Life Violence Dataset\NonViolence\NV_267,0
real life violence situations\Real Life Violence Dataset\NonViolence\NV_362,0
real life violence situations\Real Life Violence Dataset\NonViolence\NV_776,0
Real Life Violence Dataset\Violence\V_868,1
Real Life Violence Dataset\Violence\V_586,1
real life violence situations\Real Life Violence Dataset\NonViolence\NV_933,0
Real Life Violence Dataset\NonViolence\NV_948,0
Real Life Violence Dataset\NonViolence\NV_665,0
real life violence situations\Real Life Violence Dataset\NonViolence\NV_72,0
Real Life Violence Dataset\NonViolence\NV_340,0
real life violence situations\Real Life Violence Dataset\Violence\V_176,1
real life violence situations\Real Life Violence Dataset\Violence\V_543,1
real life violence situations\Real Life Violence Dataset\Violence\V_658,1
Real Life Violence Dataset\NonViolence\NV_815,0
real life violence situations\Real Life Violence Dataset\Violence\V_250,1
real life violence situations\Real Life Violence Dataset\NonViolence\NV_570,0
Real Life Violence Dataset\Violence\V_117,1
Real Life Violence Dataset\NonViolence\NV_421,0
real life violence situations\Real Life Violence Dataset\Violence\V_607,1
Real Life Violence Dataset\Violence\V_776,1
real life violence situations\Real Life Violence Dataset\NonViolence\NV_21,0
real life violence situations\Real Life Violence Dataset\NonViolence\NV_408,0
real life violence situations\Real Life Violence Dataset\NonViolence\NV_385,0
real life violence situations\Real Life Violence Dataset\Violence\V_380,1
real life violence situations\Real Life Violence Dataset\NonViolence\NV_161,0
Real Life Violence Dataset\Violence\V_671,1
real life violence situations\Real Life Violence Dataset\Violence\V_338,1
Real Life Violence Dataset\Violence\V_358,1
Real Life Violence Dataset\NonViolence\NV_309,0
real life violence situations\Real Life Violence Dataset\NonViolence\NV_383,0
Real Life Violence Dataset\Violence\V_580,1
Real Life Violence Dataset\NonViolence\NV_558,0
Real Life Violence Dataset\Violence\V_645,1
real life violence situations\Real Life Violence Dataset\Violence\V_130,1
Real Life Violence Dataset\Violence\V_915,1
Real Life Violence Dataset\Violence\V_717,1
real life violence situations\Real Life Violence Dataset\NonViolence\NV_929,0
Real Life Violence Dataset\Violence\V_987,1
Real Life Violence Dataset\Violence\V_644,1
Real Life Violence Dataset\NonViolence\NV_683,0
real life violence situations\Real Life Violence Dataset\NonViolence\NV_297,0
Real Life Violence Dataset\Violence\V_907,1
Real Life Violence Dataset\NonViolence\NV_317,0
real life violence situations\Real Life Violence Dataset\NonViolence\NV_858,0
Real Life Violence Dataset\Violence\V_231,1
real life violence situations\Real Life Violence Dataset\NonViolence\NV_987,0
Real Life Violence Dataset\Violence\V_783,1
Real Life Violence Dataset\Violence\V_848,1
Real Life Violence Dataset\Violence\V_833,1
Real Life Violence Dataset\Violence\V_879,1
real life violence situations\Real Life Violence Dataset\Violence\V_86,1
Real Life Violence Dataset\Violence\V_514,1
real life violence situations\Real Life Violence Dataset\NonViolence\NV_950,0
real life violence situations\Real Life Violence Dataset\Violence\V_482,1
Real Life Violence Dataset\Violence\V_819,1
real life violence situations\Real Life Violence Dataset\NonViolence\NV_928,0
real life violence situations\Real Life Violence Dataset\NonViolence\NV_670,0
Real Life Violence Dataset\Violence\V_27,1
Real Life Violence Dataset\Violence\V_510,1
real life violence situations\Real Life Violence Dataset\Violence\V_831,1
Real Life Violence Dataset\Violence\V_48,1
Real Life Violence Dataset\Violence\V_107,1
Real Life Violence Dataset\NonViolence\NV_987,0
Real Life Violence Dataset\Violence\V_690,1
real life violence situations\Real Life Violence Dataset\NonViolence\NV_809,0
real life violence situations\Real Life Violence Dataset\NonViolence\NV_884,0
Real Life Violence Dataset\Violence\V_282,1
Real Life Violence Dataset\Violence\V_462,1
real life violence situations\Real Life Violence Dataset\NonViolence\NV_48,0
real life violence situations\Real Life Violence Dataset\Violence\V_112,1
Real Life Violence Dataset\Violence\V_990,1
Real Life Violence Dataset\NonViolence\NV_969,0
Real Life Violence Dataset\NonViolence\NV_735,0
real life violence situations\Real Life Violence Dataset\NonViolence\NV_428,0
Real Life Violence Dataset\NonViolence\NV_183,0
real life violence situations\Real Life Violence Dataset\Violence\V_958,1
Real Life Violence Dataset\NonViolence\NV_925,0
Real Life Violence Dataset\Violence\V_481,1
real life violence situations\Real Life Violence Dataset\Violence\V_629,1
real life violence situations\Real Life Violence Dataset\NonViolence\NV_143,0
real life violence situations\Real Life Violence Dataset\Violence\V_816,1
real life violence situations\Real Life Violence Dataset\Violence\V_165,1
real life violence situations\Real Life Violence Dataset\NonViolence\NV_496,0
real life violence situations\Real Life Violence Dataset\NonViolence\NV_595,0
Real Life Violence Dataset\Violence\V_300,1
real life violence situations\Real Life Violence Dataset\Violence\V_587,1
real life violence situations\Real Life Violence Dataset\Violence\V_843,1
Real Life Violence Dataset\Violence\V_520,1
Real Life Violence Dataset\Violence\V_134,1
real life violence situations\Real Life Violence Dataset\NonViolence\NV_91,0
Real Life Violence Dataset\Violence\V_274,1
Real Life Violence Dataset\NonViolence\NV_323,0
Real Life Violence Dataset\Violence\V_775,1
Real Life Violence Dataset\NonViolence\NV_332,0
Real Life Violence Dataset\NonViolence\NV_980,0
real life violence situations\Real Life Violence Dataset\NonViolence\NV_79,0
real life violence situations\Real Life Violence Dataset\NonViolence\NV_311,0
real life violence situations\Real Life Violence Dataset\NonViolence\NV_212,0
Real Life Violence Dataset\NonViolence\NV_666,0
real life violence situations\Real Life Violence Dataset\NonViolence\NV_170,0
real life violence situations\Real Life Violence Dataset\Violence\V_409,1
Real Life Violence Dataset\Violence\V_647,1
Real Life Violence Dataset\Violence\V_667,1
Real Life Violence Dataset\Violence\V_722,1
Real Life Violence Dataset\Violence\V_476,1
real life violence situations\Real Life Violence Dataset\NonViolence\NV_507,0
real life violence situations\Real Life Violence Dataset\Violence\V_849,1
Real Life Violence Dataset\NonViolence\NV_193,0
real life violence situations\Real Life Violence Dataset\NonViolence\NV_508,0
real life violence situations\Real Life Violence Dataset\NonViolence\NV_848,0
real life violence situations\Real Life Violence Dataset\NonViolence\NV_135,0
Real Life Violence Dataset\NonViolence\NV_57,0
Real Life Violence Dataset\NonViolence\NV_652,0
real life violence situations\Real Life Violence Dataset\NonViolence\NV_14,0
Real Life Violence Dataset\NonViolence\NV_550,0
real life violence situations\Real Life Violence Dataset\NonViolence\NV_689,0
real life violence situations\Real Life Violence Dataset\NonViolence\NV_145,0
real life violence situations\Real Life Violence Dataset\NonViolence\NV_578,0
Real Life Violence Dataset\NonViolence\NV_141,0
real life violence situations\Real Life Violence Dataset\Violence\V_717,1
real life violence situations\Real Life Violence Dataset\NonViolence\NV_684,0
real life violence situations\Real Life Violence Dataset\NonViolence\NV_671,0
real life violence situations\Real Life Violence Dataset\NonViolence\NV_853,0
Real Life Violence Dataset\NonViolence\NV_777,0
Real Life Violence Dataset\NonViolence\NV_465,0
real life violence situations\Real Life Violence Dataset\NonViolence\NV_105,0
real life violence situations\Real Life Violence Dataset\NonViolence\NV_268,0
real life violence situations\Real Life Violence Dataset\Violence\V_419,1
Real Life Violence Dataset\Violence\V_672,1
real life violence situations\Real Life Violence Dataset\Violence\V_161,1
Real Life Violence Dataset\Violence\V_366,1
real life violence situations\Real Life Violence Dataset\NonViolence\NV_964,0
real life violence situations\Real Life Violence Dataset\Violence\V_676,1
real life violence situations\Real Life Violence Dataset\NonViolence\NV_847,0
Real Life Violence Dataset\Violence\V_903,1
real life violence situations\Real Life Violence Dataset\NonViolence\NV_192,0
real life violence situations\Real Life Violence Dataset\NonViolence\NV_94,0
Real Life Violence Dataset\NonViolence\NV_437,0
Real Life Violence Dataset\Violence\V_307,1
Real Life Violence Dataset\NonViolence\NV_356,0
Real Life Violence Dataset\Violence\V_337,1
real life violence situations\Real Life Violence Dataset\Violence\V_96,1
real life violence situations\Real Life Violence Dataset\NonViolence\NV_31,0
real life violence situations\Real Life Violence Dataset\NonViolence\NV_96,0
real life violence situations\Real Life Violence Dataset\NonViolence\NV_700,0
Real Life Violence Dataset\Violence\V_861,1
real life violence situations\Real Life Violence Dataset\Violence\V_39,1
Real Life Violence Dataset\Violence\V_490,1
real life violence situations\Real Life Violence Dataset\Violence\V_674,1
real life violence situations\Real Life Violence Dataset\Violence\V_716,1
real life violence situations\Real Life Violence Dataset\Violence\V_272,1
real life violence situations\Real Life Violence Dataset\Violence\V_548,1
real life violence situations\Real Life Violence Dataset\Violence\V_91,1
real life violence situations\Real Life Violence Dataset\Violence\V_184,1
Real Life Violence Dataset\Violence\V_614,1
real life violence situations\Real Life Violence Dataset\NonViolence\NV_559,0
Real Life Violence Dataset\Violence\V_182,1
real life violence situations\Real Life Violence Dataset\Violence\V_507,1
Real Life Violence Dataset\Violence\V_130,1
real life violence situations\Real Life Violence Dataset\Violence\V_217,1
real life violence situations\Real Life Violence Dataset\NonViolence\NV_824,0
Real Life Violence Dataset\NonViolence\NV_400,0
Real Life Violence Dataset\Violence\V_874,1
real life violence situations\Real Life Violence Dataset\Violence\V_132,1
real life violence situations\Real Life Violence Dataset\Violence\V_70,1
real life violence situations\Real Life Violence Dataset\Violence\V_361,1
Real Life Violence Dataset\NonViolence\NV_520,0
real life violence situations\Real Life Violence Dataset\Violence\V_701,1
real life violence situations\Real Life Violence Dataset\NonViolence\NV_61,0
Real Life Violence Dataset\Violence\V_91,1
Real Life Violence Dataset\Violence\V_144,1
real life violence situations\Real Life Violence Dataset\NonViolence\NV_296,0
real life violence situations\Real Life Violence Dataset\Violence\V_663,1
Real Life Violence Dataset\NonViolence\NV_185,0
Real Life Violence Dataset\Violence\V_738,1
real life violence situations\Real Life Violence Dataset\Violence\V_139,1
Real Life Violence Dataset\NonViolence\NV_557,0
Real Life Violence Dataset\Violence\V_379,1
real life violence situations\Real Life Violence Dataset\Violence\V_726,1
Real Life Violence Dataset\NonViolence\NV_508,0
Real Life Violence Dataset\Violence\V_904,1
real life violence situations\Real Life Violence Dataset\Violence\V_431,1
real life violence situations\Real Life Violence Dataset\Violence\V_129,1
real life violence situations\Real Life Violence Dataset\NonViolence\NV_235,0
real life violence situations\Real Life Violence Dataset\NonViolence\NV_661,0
real life violence situations\Real Life Violence Dataset\NonViolence\NV_558,0
real life violence situations\Real Life Violence Dataset\Violence\V_448,1
real life violence situations\Real Life Violence Dataset\NonViolence\NV_693,0
Real Life Violence Dataset\NonViolence\NV_615,0
Real Life Violence Dataset\Violence\V_840,1
real life violence situations\Real Life Violence Dataset\NonViolence\NV_240,0
Real Life Violence Dataset\NonViolence\NV_351,0
Real Life Violence Dataset\NonViolence\NV_698,0
real life violence situations\Real Life Violence Dataset\Violence\V_54,1
Real Life Violence Dataset\Violence\V_952,1
real life violence situations\Real Life Violence Dataset\Violence\V_669,1
real life violence situations\Real Life Violence Dataset\NonViolence\NV_935,0
Real Life Violence Dataset\NonViolence\NV_961,0
real life violence situations\Real Life Violence Dataset\Violence\V_627,1
Real Life Violence Dataset\Violence\V_565,1
real life violence situations\Real Life Violence Dataset\NonViolence\NV_703,0
Real Life Violence Dataset\Violence\V_533,1
real life violence situations\Real Life Violence Dataset\NonViolence\NV_606,0
real life violence situations\Real Life Violence Dataset\NonViolence\NV_54,0
Real Life Violence Dataset\Violence\V_338,1
Real Life Violence Dataset\Violence\V_790,1
real life violence situations\Real Life Violence Dataset\Violence\V_602,1
real life violence situations\Real Life Violence Dataset\NonViolence\NV_3,0
real life violence situations\Real Life Violence Dataset\Violence\V_644,1
real life violence situations\Real Life Violence Dataset\Violence\V_650,1
real life violence situations\Real Life Violence Dataset\NonViolence\NV_319,0
real life violence situations\Real Life Violence Dataset\Violence\V_228,1
real life violence situations\Real Life Violence Dataset\Violence\V_550,1
Real Life Violence Dataset\NonViolence\NV_580,0
real life violence situations\Real Life Violence Dataset\NonViolence\NV_919,0
Real Life Violence Dataset\NonViolence\NV_543,0
Real Life Violence Dataset\NonViolence\NV_29,0
Real Life Violence Dataset\NonViolence\NV_352,0
Real Life Violence Dataset\NonViolence\NV_528,0
real life violence situations\Real Life Violence Dataset\Violence\V_417,1
Real Life Violence Dataset\NonViolence\NV_318,0
real life violence situations\Real Life Violence Dataset\NonViolence\NV_114,0
Real Life Violence Dataset\Violence\V_493,1
Real Life Violence Dataset\NonViolence\NV_292,0
Real Life Violence Dataset\NonViolence\NV_561,0
Real Life Violence Dataset\Violence\V_845,1
Real Life Violence Dataset\Violence\V_974,1
Real Life Violence Dataset\NonViolence\NV_412,0
Real Life Violence Dataset\Violence\V_542,1
real life violence situations\Real Life Violence Dataset\Violence\V_960,1
Real Life Violence Dataset\NonViolence\NV_348,0
real life violence situations\Real Life Violence Dataset\Violence\V_114,1
Real Life Violence Dataset\NonViolence\NV_363,0
Real Life Violence Dataset\NonViolence\NV_866,0
real life violence situations\Real Life Violence Dataset\Violence\V_465,1
Real Life Violence Dataset\NonViolence\NV_984,0
real life violence situations\Real Life Violence Dataset\NonViolence\NV_350,0
real life violence situations\Real Life Violence Dataset\NonViolence\NV_984,0
real life violence situations\Real Life Violence Dataset\NonViolence\NV_98,0
Real Life Violence Dataset\NonViolence\NV_257,0
real life violence situations\Real Life Violence Dataset\NonViolence\NV_816,0
Real Life Violence Dataset\Violence\V_320,1
real life violence situations\Real Life Violence Dataset\Violence\V_103,1
Real Life Violence Dataset\Violence\V_2,1
Real Life Violence Dataset\NonViolence\NV_708,0
real life violence situations\Real Life Violence Dataset\Violence\V_685,1
Real Life Violence Dataset\NonViolence\NV_684,0
real life violence situations\Real Life Violence Dataset\Violence\V_105,1
real life violence situations\Real Life Violence Dataset\NonViolence\NV_734,0
real life violence situations\Real Life Violence Dataset\Violence\V_888,1
real life violence situations\Real Life Violence Dataset\Violence\V_642,1
real life violence situations\Real Life Violence Dataset\Violence\V_390,1
real life violence situations\Real Life Violence Dataset\NonViolence\NV_569,0
Real Life Violence Dataset\NonViolence\NV_959,0
real life violence situations\Real Life Violence Dataset\NonViolence\NV_948,0
Real Life Violence Dataset\NonViolence\NV_92,0
real life violence situations\Real Life Violence Dataset\NonViolence\NV_874,0
Real Life Violence Dataset\NonViolence\NV_433,0
real life violence situations\Real Life Violence Dataset\Violence\V_106,1
Real Life Violence Dataset\NonViolence\NV_280,0
Real Life Violence Dataset\NonViolence\NV_443,0
real life violence situations\Real Life Violence Dataset\NonViolence\NV_139,0
Real Life Violence Dataset\Violence\V_51,1
Real Life Violence Dataset\NonViolence\NV_63,0
real life violence situations\Real Life Violence Dataset\NonViolence\NV_49,0
real life violence situations\Real Life Violence Dataset\Violence\V_558,1
Real Life Violence Dataset\Violence\V_187,1
Real Life Violence Dataset\NonViolence\NV_717,0
real life violence situations\Real Life Violence Dataset\NonViolence\NV_607,0
Real Life Violence Dataset\Violence\V_242,1
Real Life Violence Dataset\Violence\V_270,1
Real Life Violence Dataset\Violence\V_670,1
Real Life Violence Dataset\Violence\V_206,1
real life violence situations\Real Life Violence Dataset\Violence\V_750,1
real life violence situations\Real Life Violence Dataset\Violence\V_513,1
Real Life Violence Dataset\NonViolence\NV_804,0
Real Life Violence Dataset\Violence\V_736,1
real life violence situations\Real Life Violence Dataset\Violence\V_374,1
Real Life Violence Dataset\NonViolence\NV_910,0
Real Life Violence Dataset\NonViolence\NV_62,0
Real Life Violence Dataset\Violence\V_681,1
Real Life Violence Dataset\Violence\V_403,1
Real Life Violence Dataset\Violence\V_739,1
real life violence situations\Real Life Violence Dataset\NonViolence\NV_227,0
Real Life Violence Dataset\Violence\V_984,1
Real Life Violence Dataset\Violence\V_104,1
real life violence situations\Real Life Violence Dataset\NonViolence\NV_123,0
real life violence situations\Real Life Violence Dataset\NonViolence\NV_723,0
real life violence situations\Real Life Violence Dataset\Violence\V_355,1
real life violence situations\Real Life Violence Dataset\Violence\V_825,1
real life violence situations\Real Life Violence Dataset\NonViolence\NV_174,0
real life violence situations\Real Life Violence Dataset\Violence\V_707,1
real life violence situations\Real Life Violence Dataset\Violence\V_99,1
real life violence situations\Real Life Violence Dataset\Violence\V_605,1
real life violence situations\Real Life Violence Dataset\Violence\V_382,1
real life violence situations\Real Life Violence Dataset\NonViolence\NV_716,0
real life violence situations\Real Life Violence Dataset\NonViolence\NV_556,0
real life violence situations\Real Life Violence Dataset\Violence\V_556,1
real life violence situations\Real Life Violence Dataset\NonViolence\NV_196,0
Real Life Violence Dataset\Violence\V_844,1
Real Life Violence Dataset\NonViolence\NV_794,0
Real Life Violence Dataset\NonViolence\NV_838,0
real life violence situations\Real Life Violence Dataset\NonViolence\NV_249,0
Real Life Violence Dataset\Violence\V_268,1
Real Life Violence Dataset\NonViolence\NV_8,0
real life violence situations\Real Life Violence Dataset\Violence\V_962,1
Real Life Violence Dataset\NonViolence\NV_311,0
Real Life Violence Dataset\NonViolence\NV_538,0
Real Life Violence Dataset\Violence\V_102,1
Real Life Violence Dataset\Violence\V_57,1
Real Life Violence Dataset\NonViolence\NV_11,0
real life violence situations\Real Life Violence Dataset\Violence\V_493,1
Real Life Violence Dataset\NonViolence\NV_186,0
Real Life Violence Dataset\Violence\V_577,1
Real Life Violence Dataset\NonViolence\NV_463,0
Real Life Violence Dataset\NonViolence\NV_130,0
real life violence situations\Real Life Violence Dataset\NonViolence\NV_896,0
real life violence situations\Real Life Violence Dataset\NonViolence\NV_995,0
Real Life Violence Dataset\NonViolence\NV_649,0
Real Life Violence Dataset\Violence\V_539,1
real life violence situations\Real Life Violence Dataset\Violence\V_439,1
Real Life Violence Dataset\NonViolence\NV_454,0
Real Life Violence Dataset\Violence\V_99,1
real life violence situations\Real Life Violence Dataset\NonViolence\NV_272,0
real life violence situations\Real Life Violence Dataset\NonViolence\NV_291,0
real life violence situations\Real Life Violence Dataset\Violence\V_961,1
real life violence situations\Real Life Violence Dataset\Violence\V_603,1
real life violence situations\Real Life Violence Dataset\Violence\V_223,1
real life violence situations\Real Life Violence Dataset\Violence\V_776,1
real life violence situations\Real Life Violence Dataset\NonViolence\NV_732,0
Real Life Violence Dataset\NonViolence\NV_135,0
real life violence situations\Real Life Violence Dataset\Violence\V_748,1
real life violence situations\Real Life Violence Dataset\Violence\V_163,1
Real Life Violence Dataset\Violence\V_172,1
Real Life Violence Dataset\Violence\V_143,1
Real Life Violence Dataset\Violence\V_111,1
real life violence situations\Real Life Violence Dataset\NonViolence\NV_404,0
Real Life Violence Dataset\Violence\V_548,1
Real Life Violence Dataset\Violence\V_79,1
Real Life Violence Dataset\Violence\V_197,1
Real Life Violence Dataset\NonViolence\NV_655,0
Real Life Violence Dataset\Violence\V_805,1
real life violence situations\Real Life Violence Dataset\Violence\V_162,1
real life violence situations\Real Life Violence Dataset\NonViolence\NV_618,0
real life violence situations\Real Life Violence Dataset\Violence\V_335,1
real life violence situations\Real Life Violence Dataset\NonViolence\NV_435,0
Real Life Violence Dataset\NonViolence\NV_405,0
Real Life Violence Dataset\NonViolence\NV_249,0
Real Life Violence Dataset\NonViolence\NV_972,0
Real Life Violence Dataset\NonViolence\NV_118,0
Real Life Violence Dataset\NonViolence\NV_632,0
real life violence situations\Real Life Violence Dataset\NonViolence\NV_177,0
Real Life Violence Dataset\NonViolence\NV_427,0
real life violence situations\Real Life Violence Dataset\Violence\V_218,1
Real Life Violence Dataset\Violence\V_940,1
real life violence situations\Real Life Violence Dataset\Violence\V_796,1
real life violence situations\Real Life Violence Dataset\NonViolence\NV_456,0
real life violence situations\Real Life Violence Dataset\Violence\V_652,1
Real Life Violence Dataset\NonViolence\NV_650,0
real life violence situations\Real Life Violence Dataset\Violence\V_924,1
Real Life Violence Dataset\NonViolence\NV_307,0
real life violence situations\Real Life Violence Dataset\Violence\V_575,1
Real Life Violence Dataset\NonViolence\NV_44,0
Real Life Violence Dataset\NonViolence\NV_227,0
Real Life Violence Dataset\Violence\V_749,1
Real Life Violence Dataset\Violence\V_389,1
Real Life Violence Dataset\NonViolence\NV_549,0
Real Life Violence Dataset\NonViolence\NV_718,0
Real Life Violence Dataset\NonViolence\NV_992,0
Real Life Violence Dataset\Violence\V_852,1
Real Life Violence Dataset\NonViolence\NV_602,0
real life violence situations\Real Life Violence Dataset\NonViolence\NV_789,0
real life violence situations\Real Life Violence Dataset\Violence\V_713,1
real life violence situations\Real Life Violence Dataset\Violence\V_999,1
Real Life Violence Dataset\NonViolence\NV_16,0
real life violence situations\Real Life Violence Dataset\NonViolence\NV_138,0
Real Life Violence Dataset\NonViolence\NV_181,0
Real Life Violence Dataset\Violence\V_530,1
real life violence situations\Real Life Violence Dataset\NonViolence\NV_162,0
Real Life Violence Dataset\NonViolence\NV_512,0
Real Life Violence Dataset\NonViolence\NV_342,0
real life violence situations\Real Life Violence Dataset\Violence\V_835,1
Real Life Violence Dataset\NonViolence\NV_555,0
real life violence situations\Real Life Violence Dataset\NonViolence\NV_6,0
real life violence situations\Real Life Violence Dataset\Violence\V_396,1
Real Life Violence Dataset\NonViolence\NV_215,0
real life violence situations\Real Life Violence Dataset\NonViolence\NV_256,0
real life violence situations\Real Life Violence Dataset\NonViolence\NV_711,0
real life violence situations\Real Life Violence Dataset\NonViolence\NV_764,0
real life violence situations\Real Life Violence Dataset\Violence\V_510,1
real life violence situations\Real Life Violence Dataset\Violence\V_710,1
real life violence situations\Real Life Violence Dataset\Violence\V_215,1
Real Life Violence Dataset\Violence\V_517,1
Real Life Violence Dataset\NonViolence\NV_258,0
real life violence situations\Real Life Violence Dataset\Violence\V_559,1
real life violence situations\Real Life Violence Dataset\NonViolence\NV_80,0
Real Life Violence Dataset\NonViolence\NV_102,0
Real Life Violence Dataset\Violence\V_355,1
Real Life Violence Dataset\Violence\V_115,1
real life violence situations\Real Life Violence Dataset\NonViolence\NV_615,0
Real Life Violence Dataset\NonViolence\NV_386,0
real life violence situations\Real Life Violence Dataset\Violence\V_178,1
real life violence situations\Real Life Violence Dataset\NonViolence\NV_156,0
real life violence situations\Real Life Violence Dataset\NonViolence\NV_52,0
Real Life Violence Dataset\NonViolence\NV_659,0
Real Life Violence Dataset\Violence\V_523,1
Real Life Violence Dataset\Violence\V_369,1
Real Life Violence Dataset\Violence\V_154,1
Real Life Violence Dataset\Violence\V_49,1
real life violence situations\Real Life Violence Dataset\Violence\V_526,1
real life violence situations\Real Life Violence Dataset\NonViolence\NV_737,0
real life violence situations\Real Life Violence Dataset\NonViolence\NV_193,0
real life violence situations\Real Life Violence Dataset\Violence\V_351,1
real life violence situations\Real Life Violence Dataset\Violence\V_919,1
Real Life Violence Dataset\NonViolence\NV_4,0
Real Life Violence Dataset\Violence\V_842,1
Real Life Violence Dataset\Violence\V_294,1
real life violence situations\Real Life Violence Dataset\Violence\V_379,1
Real Life Violence Dataset\NonViolence\NV_581,0
Real Life Violence Dataset\Violence\V_821,1
real life violence situations\Real Life Violence Dataset\NonViolence\NV_536,0
real life violence situations\Real Life Violence Dataset\NonViolence\NV_468,0
real life violence situations\Real Life Violence Dataset\NonViolence\NV_905,0
Real Life Violence Dataset\Violence\V_287,1
real life violence situations\Real Life Violence Dataset\Violence\V_221,1
real life violence situations\Real Life Violence Dataset\NonViolence\NV_802,0
real life violence situations\Real Life Violence Dataset\Violence\V_515,1
real life violence situations\Real Life Violence Dataset\Violence\V_911,1
Real Life Violence Dataset\NonViolence\NV_660,0
Real Life Violence Dataset\NonViolence\NV_286,0
Real Life Violence Dataset\NonViolence\NV_295,0
Real Life Violence Dataset\Violence\V_263,1
Real Life Violence Dataset\NonViolence\NV_357,0
real life violence situations\Real Life Violence Dataset\Violence\V_3,1
Real Life Violence Dataset\Violence\V_921,1
Real Life Violence Dataset\NonViolence\NV_571,0
real life violence situations\Real Life Violence Dataset\NonViolence\NV_944,0
Real Life Violence Dataset\NonViolence\NV_705,0
real life violence situations\Real Life Violence Dataset\Violence\V_928,1
real life violence situations\Real Life Violence Dataset\Violence\V_952,1
real life violence situations\Real Life Violence Dataset\NonViolence\NV_912,0
Real Life Violence Dataset\Violence\V_219,1
real life violence situations\Real Life Violence Dataset\Violence\V_235,1
real life violence situations\Real Life Violence Dataset\Violence\V_34,1
real life violence situations\Real Life Violence Dataset\NonViolence\NV_640,0
real life violence situations\Real Life Violence Dataset\NonViolence\NV_895,0
real life violence situations\Real Life Violence Dataset\NonViolence\NV_628,0
Real Life Violence Dataset\Violence\V_329,1
real life violence situations\Real Life Violence Dataset\NonViolence\NV_593,0
Real Life Violence Dataset\NonViolence\NV_601,0
real life violence situations\Real Life Violence Dataset\Violence\V_59,1
real life violence situations\Real Life Violence Dataset\Violence\V_752,1
Real Life Violence Dataset\NonViolence\NV_923,0
real life violence situations\Real Life Violence Dataset\Violence\V_377,1
Real Life Violence Dataset\NonViolence\NV_484,0
real life violence situations\Real Life Violence Dataset\NonViolence\NV_685,0
real life violence situations\Real Life Violence Dataset\Violence\V_192,1
Real Life Violence Dataset\Violence\V_211,1
real life violence situations\Real Life Violence Dataset\NonViolence\NV_369,0
Real Life Violence Dataset\Violence\V_251,1
Real Life Violence Dataset\NonViolence\NV_73,0
real life violence situations\Real Life Violence Dataset\NonViolence\NV_337,0
real life violence situations\Real Life Violence Dataset\Violence\V_181,1
real life violence situations\Real Life Violence Dataset\NonViolence\NV_850,0
Real Life Violence Dataset\Violence\V_196,1
Real Life Violence Dataset\NonViolence\NV_252,0
real life violence situations\Real Life Violence Dataset\NonViolence\NV_767,0
Real Life Violence Dataset\NonViolence\NV_262,0
real life violence situations\Real Life Violence Dataset\Violence\V_864,1
real life violence situations\Real Life Violence Dataset\NonViolence\NV_823,0
Real Life Violence Dataset\Violence\V_50,1
real life violence situations\Real Life Violence Dataset\Violence\V_807,1
real life violence situations\Real Life Violence Dataset\NonViolence\NV_973,0
real life violence situations\Real Life Violence Dataset\Violence\V_976,1
Real Life Violence Dataset\Violence\V_625,1
Real Life Violence Dataset\NonViolence\NV_685,0
real life violence situations\Real Life Violence Dataset\Violence\V_317,1
real life violence situations\Real Life Violence Dataset\Violence\V_205,1
real life violence situations\Real Life Violence Dataset\NonViolence\NV_121,0
Real Life Violence Dataset\Violence\V_721,1
real life violence situations\Real Life Violence Dataset\NonViolence\NV_365,0
Real Life Violence Dataset\NonViolence\NV_321,0
Real Life Violence Dataset\Violence\V_25,1
real life violence situations\Real Life Violence Dataset\Violence\V_646,1
Real Life Violence Dataset\Violence\V_896,1
Real Life Violence Dataset\Violence\V_173,1
Real Life Violence Dataset\Violence\V_976,1
real life violence situations\Real Life Violence Dataset\Violence\V_917,1
real life violence situations\Real Life Violence Dataset\NonViolence\NV_38,0
real life violence situations\Real Life Violence Dataset\NonViolence\NV_299,0
Real Life Violence Dataset\Violence\V_515,1
Real Life Violence Dataset\Violence\V_934,1
Real Life Violence Dataset\Violence\V_63,1
real life violence situations\Real Life Violence Dataset\NonViolence\NV_270,0
real life violence situations\Real Life Violence Dataset\NonViolence\NV_652,0
Real Life Violence Dataset\Violence\V_732,1
real life violence situations\Real Life Violence Dataset\NonViolence\NV_390,0
real life violence situations\Real Life Violence Dataset\Violence\V_844,1
real life violence situations\Real Life Violence Dataset\Violence\V_399,1
Real Life Violence Dataset\NonViolence\NV_399,0
real life violence situations\Real Life Violence Dataset\NonViolence\NV_434,0
Real Life Violence Dataset\Violence\V_209,1
real life violence situations\Real Life Violence Dataset\NonViolence\NV_857,0
Real Life Violence Dataset\NonViolence\NV_32,0
real life violence situations\Real Life Violence Dataset\NonViolence\NV_334,0
real life violence situations\Real Life Violence Dataset\Violence\V_67,1
Real Life Violence Dataset\NonViolence\NV_501,0
real life violence situations\Real Life Violence Dataset\Violence\V_555,1
real life violence situations\Real Life Violence Dataset\Violence\V_978,1
real life violence situations\Real Life Violence Dataset\Violence\V_256,1
Real Life Violence Dataset\Violence\V_643,1
real life violence situations\Real Life Violence Dataset\NonViolence\NV_605,0
Real Life Violence Dataset\NonViolence\NV_285,0
real life violence situations\Real Life Violence Dataset\Violence\V_296,1
Real Life Violence Dataset\NonViolence\NV_195,0
Real Life Violence Dataset\NonViolence\NV_408,0
Real Life Violence Dataset\NonViolence\NV_797,0
real life violence situations\Real Life Violence Dataset\Violence\V_216,1
Real Life Violence Dataset\NonViolence\NV_852,0
Real Life Violence Dataset\Violence\V_189,1
Real Life Violence Dataset\Violence\V_535,1
Real Life Violence Dataset\NonViolence\NV_316,0
real life violence situations\Real Life Violence Dataset\Violence\V_846,1
real life violence situations\Real Life Violence Dataset\Violence\V_781,1
real life violence situations\Real Life Violence Dataset\NonViolence\NV_650,0
real life violence situations\Real Life Violence Dataset\Violence\V_292,1
real life violence situations\Real Life Violence Dataset\Violence\V_93,1
Real Life Violence Dataset\Violence\V_68,1
Real Life Violence Dataset\NonViolence\NV_696,0
Real Life Violence Dataset\Violence\V_386,1
real life violence situations\Real Life Violence Dataset\Violence\V_838,1
Real Life Violence Dataset\Violence\V_331,1
Real Life Violence Dataset\NonViolence\NV_10,0
Real Life Violence Dataset\Violence\V_725,1
real life violence situations\Real Life Violence Dataset\NonViolence\NV_58,0
Real Life Violence Dataset\NonViolence\NV_1000,0
Real Life Violence Dataset\NonViolence\NV_579,0
real life violence situations\Real Life Violence Dataset\Violence\V_518,1
Real Life Violence Dataset\NonViolence\NV_785,0
Real Life Violence Dataset\NonViolence\NV_137,0
Real Life Violence Dataset\Violence\V_318,1
real life violence situations\Real Life Violence Dataset\NonViolence\NV_839,0
Real Life Violence Dataset\Violence\V_734,1
real life violence situations\Real Life Violence Dataset\NonViolence\NV_694,0
Real Life Violence Dataset\NonViolence\NV_278,0
real life violence situations\Real Life Violence Dataset\Violence\V_199,1
real life violence situations\Real Life Violence Dataset\NonViolence\NV_269,0
Real Life Violence Dataset\Violence\V_410,1
real life violence situations\Real Life Violence Dataset\Violence\V_40,1
Real Life Violence Dataset\Violence\V_7,1
real life violence situations\Real Life Violence Dataset\NonViolence\NV_587,0
Real Life Violence Dataset\NonViolence\NV_824,0
Real Life Violence Dataset\Violence\V_942,1
Real Life Violence Dataset\NonViolence\NV_3,0
Real Life Violence Dataset\NonViolence\NV_749,0
real life violence situations\Real Life Violence Dataset\Violence\V_764,1
Real Life Violence Dataset\NonViolence\NV_505,0
real life violence situations\Real Life Violence Dataset\Violence\V_912,1
real life violence situations\Real Life Violence Dataset\Violence\V_94,1
real life violence situations\Real Life Violence Dataset\Violence\V_793,1
real life violence situations\Real Life Violence Dataset\NonViolence\NV_909,0
real life violence situations\Real Life Violence Dataset\Violence\V_328,1
Real Life Violence Dataset\Violence\V_592,1
Real Life Violence Dataset\Violence\V_435,1
real life violence situations\Real Life Violence Dataset\NonViolence\NV_923,0
Real Life Violence Dataset\Violence\V_979,1
Real Life Violence Dataset\Violence\V_997,1
real life violence situations\Real Life Violence Dataset\NonViolence\NV_754,0
Real Life Violence Dataset\Violence\V_834,1
Real Life Violence Dataset\Violence\V_635,1
Real Life Violence Dataset\NonViolence\NV_913,0
Real Life Violence Dataset\NonViolence\NV_403,0
Real Life Violence Dataset\Violence\V_1,1
Real Life Violence Dataset\Violence\V_52,1
real life violence situations\Real Life Violence Dataset\NonViolence\NV_355,0
Real Life Violence Dataset\Violence\V_993,1
real life violence situations\Real Life Violence Dataset\Violence\V_731,1
real life violence situations\Real Life Violence Dataset\NonViolence\NV_819,0
real life violence situations\Real Life Violence Dataset\Violence\V_923,1
real life violence situations\Real Life Violence Dataset\Violence\V_766,1
real life violence situations\Real Life Violence Dataset\NonViolence\NV_292,0
real life violence situations\Real Life Violence Dataset\NonViolence\NV_124,0
real life violence situations\Real Life Violence Dataset\NonViolence\NV_832,0
Real Life Violence Dataset\NonViolence\NV_203,0
Real Life Violence Dataset\NonViolence\NV_449,0
Real Life Violence Dataset\Violence\V_595,1
real life violence situations\Real Life Violence Dataset\NonViolence\NV_27,0
real life violence situations\Real Life Violence Dataset\Violence\V_362,1
real life violence situations\Real Life Violence Dataset\NonViolence\NV_394,0
Real Life Violence Dataset\NonViolence\NV_30,0
Real Life Violence Dataset\Violence\V_777,1
real life violence situations\Real Life Violence Dataset\NonViolence\NV_656,0
Real Life Violence Dataset\Violence\V_697,1
real life violence situations\Real Life Violence Dataset\Violence\V_24,1
Real Life Violence Dataset\Violence\V_314,1
real life violence situations\Real Life Violence Dataset\NonViolence\NV_357,0
real life violence situations\Real Life Violence Dataset\NonViolence\NV_643,0
Real Life Violence Dataset\NonViolence\NV_19,0
Real Life Violence Dataset\Violence\V_199,1
real life violence situations\Real Life Violence Dataset\NonViolence\NV_947,0
Real Life Violence Dataset\Violence\V_97,1
real life violence situations\Real Life Violence Dataset\NonViolence\NV_600,0
real life violence situations\Real Life Violence Dataset\NonViolence\NV_664,0
Real Life Violence Dataset\Violence\V_30,1
Real Life Violence Dataset\NonViolence\NV_888,0
Real Life Violence Dataset\NonViolence\NV_628,0
Real Life Violence Dataset\NonViolence\NV_253,0
real life violence situations\Real Life Violence Dataset\NonViolence\NV_510,0
real life violence situations\Real Life Violence Dataset\NonViolence\NV_286,0
real life violence situations\Real Life Violence Dataset\NonViolence\NV_471,0
Real Life Violence Dataset\Violence\V_264,1
Real Life Violence Dataset\Violence\V_14,1
Real Life Violence Dataset\Violence\V_579,1
real life violence situations\Real Life Violence Dataset\Violence\V_20,1
real life violence situations\Real Life Violence Dataset\NonViolence\NV_118,0
real life violence situations\Real Life Violence Dataset\NonViolence\NV_854,0
Real Life Violence Dataset\NonViolence\NV_840,0
Real Life Violence Dataset\Violence\V_225,1
real life violence situations\Real Life Violence Dataset\Violence\V_745,1
Real Life Violence Dataset\NonViolence\NV_500,0
Real Life Violence Dataset\Violence\V_865,1
Real Life Violence Dataset\Violence\V_566,1
real life violence situations\Real Life Violence Dataset\Violence\V_291,1
real life violence situations\Real Life Violence Dataset\NonViolence\NV_498,0
Real Life Violence Dataset\Violence\V_678,1
Real Life Violence Dataset\NonViolence\NV_926,0
real life violence situations\Real Life Violence Dataset\Violence\V_972,1
real life violence situations\Real Life Violence Dataset\NonViolence\NV_221,0
Real Life Violence Dataset\Violence\V_609,1
Real Life Violence Dataset\NonViolence\NV_322,0
real life violence situations\Real Life Violence Dataset\NonViolence\NV_85,0
real life violence situations\Real Life Violence Dataset\NonViolence\NV_134,0
Real Life Violence Dataset\Violence\V_694,1
real life violence situations\Real Life Violence Dataset\Violence\V_92,1
real life violence situations\Real Life Violence Dataset\Violence\V_245,1
real life violence situations\Real Life Violence Dataset\Violence\V_721,1
real life violence situations\Real Life Violence Dataset\NonViolence\NV_553,0
real life violence situations\Real Life Violence Dataset\NonViolence\NV_232,0
real life violence situations\Real Life Violence Dataset\NonViolence\NV_674,0
real life violence situations\Real Life Violence Dataset\Violence\V_996,1
real life violence situations\Real Life Violence Dataset\Violence\V_522,1
Real Life Violence Dataset\NonViolence\NV_467,0
Real Life Violence Dataset\Violence\V_971,1
real life violence situations\Real Life Violence Dataset\NonViolence\NV_968,0
real life violence situations\Real Life Violence Dataset\Violence\V_259,1
Real Life Violence Dataset\NonViolence\NV_261,0
real life violence situations\Real Life Violence Dataset\Violence\V_229,1
real life violence situations\Real Life Violence Dataset\Violence\V_732,1
Real Life Violence Dataset\NonViolence\NV_393,0
real life violence situations\Real Life Violence Dataset\Violence\V_327,1
real life violence situations\Real Life Violence Dataset\NonViolence\NV_338,0
real life violence situations\Real Life Violence Dataset\Violence\V_906,1
real life violence situations\Real Life Violence Dataset\NonViolence\NV_788,0
Real Life Violence Dataset\NonViolence\NV_440,0
Real Life Violence Dataset\NonViolence\NV_816,0
Real Life Violence Dataset\NonViolence\NV_18,0
real life violence situations\Real Life Violence Dataset\Violence\V_372,1
Real Life Violence Dataset\NonViolence\NV_545,0
real life violence situations\Real Life Violence Dataset\Violence\V_352,1
Real Life Violence Dataset\Violence\V_184,1
Real Life Violence Dataset\Violence\V_220,1
real life violence situations\Real Life Violence Dataset\NonViolence\NV_745,0
Real Life Violence Dataset\NonViolence\NV_305,0
Real Life Violence Dataset\NonViolence\NV_534,0
Real Life Violence Dataset\Violence\V_223,1
Real Life Violence Dataset\Violence\V_752,1
real life violence situations\Real Life Violence Dataset\NonViolence\NV_477,0
real life violence situations\Real Life Violence Dataset\NonViolence\NV_225,0
Real Life Violence Dataset\Violence\V_347,1
real life violence situations\Real Life Violence Dataset\Violence\V_655,1
Real Life Violence Dataset\Violence\V_746,1
Real Life Violence Dataset\Violence\V_804,1
Real Life Violence Dataset\Violence\V_162,1
real life violence situations\Real Life Violence Dataset\Violence\V_689,1
Real Life Violence Dataset\NonViolence\NV_548,0
real life violence situations\Real Life Violence Dataset\Violence\V_694,1
Real Life Violence Dataset\Violence\V_881,1
real life violence situations\Real Life Violence Dataset\NonViolence\NV_970,0
real life violence situations\Real Life Violence Dataset\NonViolence\NV_922,0
Real Life Violence Dataset\Violence\V_740,1
real life violence situations\Real Life Violence Dataset\NonViolence\NV_441,0
Real Life Violence Dataset\NonViolence\NV_773,0
Real Life Violence Dataset\Violence\V_511,1
Real Life Violence Dataset\Violence\V_924,1
Real Life Violence Dataset\NonViolence\NV_844,0
Real Life Violence Dataset\NonViolence\NV_783,0
Real Life Violence Dataset\NonViolence\NV_168,0
real life violence situations\Real Life Violence Dataset\NonViolence\NV_438,0
Real Life Violence Dataset\Violence\V_295,1
Real Life Violence Dataset\NonViolence\NV_175,0
real life violence situations\Real Life Violence Dataset\Violence\V_113,1
Real Life Violence Dataset\Violence\V_912,1
real life violence situations\Real Life Violence Dataset\NonViolence\NV_74,0
Real Life Violence Dataset\Violence\V_820,1
Real Life Violence Dataset\NonViolence\NV_34,0
Real Life Violence Dataset\Violence\V_733,1
Real Life Violence Dataset\Violence\V_292,1
real life violence situations\Real Life Violence Dataset\Violence\V_144,1
Real Life Violence Dataset\NonViolence\NV_532,0
Real Life Violence Dataset\NonViolence\NV_856,0
real life violence situations\Real Life Violence Dataset\NonViolence\NV_967,0
Real Life Violence Dataset\Violence\V_500,1
real life violence situations\Real Life Violence Dataset\NonViolence\NV_564,0
real life violence situations\Real Life Violence Dataset\Violence\V_692,1
real life violence situations\Real Life Violence Dataset\Violence\V_947,1
Real Life Violence Dataset\NonViolence\NV_143,0
Real Life Violence Dataset\NonViolence\NV_319,0
Real Life Violence Dataset\Violence\V_634,1
real life violence situations\Real Life Violence Dataset\NonViolence\NV_554,0
Real Life Violence Dataset\NonViolence\NV_276,0
real life violence situations\Real Life Violence Dataset\NonViolence\NV_433,0
Real Life Violence Dataset\NonViolence\NV_474,0
Real Life Violence Dataset\Violence\V_105,1
Real Life Violence Dataset\Violence\V_642,1
Real Life Violence Dataset\Violence\V_573,1
real life violence situations\Real Life Violence Dataset\Violence\V_290,1
real life violence situations\Real Life Violence Dataset\Violence\V_304,1
real life violence situations\Real Life Violence Dataset\NonViolence\NV_84,0
real life violence situations\Real Life Violence Dataset\Violence\V_179,1
real life violence situations\Real Life Violence Dataset\NonViolence\NV_217,0
Real Life Violence Dataset\Violence\V_497,1
Real Life Violence Dataset\NonViolence\NV_489,0
real life violence situations\Real Life Violence Dataset\NonViolence\NV_942,0
real life violence situations\Real Life Violence Dataset\NonViolence\NV_166,0
Real Life Violence Dataset\NonViolence\NV_914,0
real life violence situations\Real Life Violence Dataset\NonViolence\NV_415,0
Real Life Violence Dataset\NonViolence\NV_727,0
Real Life Violence Dataset\Violence\V_518,1
Real Life Violence Dataset\Violence\V_171,1
real life violence situations\Real Life Violence Dataset\Violence\V_787,1
real life violence situations\Real Life Violence Dataset\Violence\V_682,1
real life violence situations\Real Life Violence Dataset\Violence\V_506,1
real life violence situations\Real Life Violence Dataset\Violence\V_456,1
Real Life Violence Dataset\NonViolence\NV_682,0
Real Life Violence Dataset\NonViolence\NV_663,0
Real Life Violence Dataset\Violence\V_710,1
Real Life Violence Dataset\Violence\V_534,1
Real Life Violence Dataset\Violence\V_827,1
Real Life Violence Dataset\Violence\V_246,1
real life violence situations\Real Life Violence Dataset\Violence\V_823,1
real life violence situations\Real Life Violence Dataset\Violence\V_830,1
real life violence situations\Real Life Violence Dataset\NonViolence\NV_320,0
real life violence situations\Real Life Violence Dataset\Violence\V_520,1
Real Life Violence Dataset\NonViolence\NV_927,0
real life violence situations\Real Life Violence Dataset\NonViolence\NV_982,0
real life violence situations\Real Life Violence Dataset\NonViolence\NV_565,0
real life violence situations\Real Life Violence Dataset\Violence\V_514,1
real life violence situations\Real Life Violence Dataset\Violence\V_535,1
Real Life Violence Dataset\NonViolence\NV_907,0
real life violence situations\Real Life Violence Dataset\Violence\V_196,1
real life violence situations\Real Life Violence Dataset\NonViolence\NV_680,0
real life violence situations\Real Life Violence Dataset\Violence\V_73,1
Real Life Violence Dataset\NonViolence\NV_731,0
Real Life Violence Dataset\NonViolence\NV_483,0
real life violence situations\Real Life Violence Dataset\Violence\V_371,1
real life violence situations\Real Life Violence Dataset\NonViolence\NV_883,0
Real Life Violence Dataset\Violence\V_505,1
real life violence situations\Real Life Violence Dataset\NonViolence\NV_43,0
real life violence situations\Real Life Violence Dataset\Violence\V_446,1
Real Life Violence Dataset\Violence\V_278,1
Real Life Violence Dataset\Violence\V_666,1
real life violence situations\Real Life Violence Dataset\NonViolence\NV_739,0
real life violence situations\Real Life Violence Dataset\Violence\V_608,1
real life violence situations\Real Life Violence Dataset\NonViolence\NV_691,0
real life violence situations\Real Life Violence Dataset\NonViolence\NV_504,0
Real Life Violence Dataset\Violence\V_169,1
real life violence situations\Real Life Violence Dataset\Violence\V_48,1
Real Life Violence Dataset\NonViolence\NV_897,0
Real Life Violence Dataset\Violence\V_936,1
real life violence situations\Real Life Violence Dataset\Violence\V_660,1
Real Life Violence Dataset\Violence\V_414,1
Real Life Violence Dataset\NonViolence\NV_771,0
real life violence situations\Real Life Violence Dataset\Violence\V_386,1
real life violence situations\Real Life Violence Dataset\NonViolence\NV_167,0
real life violence situations\Real Life Violence Dataset\NonViolence\NV_201,0
Real Life Violence Dataset\NonViolence\NV_416,0
Real Life Violence Dataset\NonViolence\NV_205,0
Real Life Violence Dataset\Violence\V_751,1
Real Life Violence Dataset\NonViolence\NV_132,0
real life violence situations\Real Life Violence Dataset\Violence\V_119,1
Real Life Violence Dataset\Violence\V_773,1
Real Life Violence Dataset\NonViolence\NV_406,0
Real Life Violence Dataset\NonViolence\NV_86,0
real life violence situations\Real Life Violence Dataset\Violence\V_570,1
real life violence situations\Real Life Violence Dataset\Violence\V_187,1
real life violence situations\Real Life Violence Dataset\NonViolence\NV_704,0
Real Life Violence Dataset\Violence\V_691,1
real life violence situations\Real Life Violence Dataset\NonViolence\NV_70,0
real life violence situations\Real Life Violence Dataset\Violence\V_313,1
Real Life Violence Dataset\Violence\V_353,1
real life violence situations\Real Life Violence Dataset\NonViolence\NV_629,0
real life violence situations\Real Life Violence Dataset\Violence\V_451,1
real life violence situations\Real Life Violence Dataset\Violence\V_308,1
Real Life Violence Dataset\Violence\V_407,1
real life violence situations\Real Life Violence Dataset\Violence\V_920,1
Real Life Violence Dataset\NonViolence\NV_446,0
Real Life Violence Dataset\Violence\V_919,1
real life violence situations\Real Life Violence Dataset\NonViolence\NV_281,0
Real Life Violence Dataset\NonViolence\NV_418,0
real life violence situations\Real Life Violence Dataset\NonViolence\NV_389,0
real life violence situations\Real Life Violence Dataset\Violence\V_967,1
Real Life Violence Dataset\Violence\V_32,1
real life violence situations\Real Life Violence Dataset\Violence\V_404,1
real life violence situations\Real Life Violence Dataset\NonViolence\NV_937,0
Real Life Violence Dataset\NonViolence\NV_82,0
Real Life Violence Dataset\Violence\V_69,1
Real Life Violence Dataset\NonViolence\NV_354,0
real life violence situations\Real Life Violence Dataset\NonViolence\NV_898,0
real life violence situations\Real Life Violence Dataset\Violence\V_986,1
real life violence situations\Real Life Violence Dataset\NonViolence\NV_645,0
Real Life Violence Dataset\NonViolence\NV_461,0
real life violence situations\Real Life Violence Dataset\Violence\V_883,1
real life violence situations\Real Life Violence Dataset\NonViolence\NV_333,0
Real Life Violence Dataset\NonViolence\NV_370,0
real life violence situations\Real Life Violence Dataset\Violence\V_620,1
real life violence situations\Real Life Violence Dataset\Violence\V_45,1
Real Life Violence Dataset\NonViolence\NV_651,0
real life violence situations\Real Life Violence Dataset\Violence\V_155,1
real life violence situations\Real Life Violence Dataset\NonViolence\NV_520,0
real life violence situations\Real Life Violence Dataset\Violence\V_189,1
real life violence situations\Real Life Violence Dataset\NonViolence\NV_845,0
Real Life Violence Dataset\Violence\V_346,1
real life violence situations\Real Life Violence Dataset\NonViolence\NV_306,0
Real Life Violence Dataset\NonViolence\NV_37,0
real life violence situations\Real Life Violence Dataset\Violence\V_408,1
real life violence situations\Real Life Violence Dataset\Violence\V_504,1
Real Life Violence Dataset\NonViolence\NV_66,0
Real Life Violence Dataset\Violence\V_326,1
Real Life Violence Dataset\Violence\V_673,1
Real Life Violence Dataset\Violence\V_863,1
Real Life Violence Dataset\Violence\V_684,1
real life violence situations\Real Life Violence Dataset\Violence\V_85,1
real life violence situations\Real Life Violence Dataset\Violence\V_877,1
real life violence situations\Real Life Violence Dataset\Violence\V_887,1
Real Life Violence Dataset\NonViolence\NV_436,0
real life violence situations\Real Life Violence Dataset\NonViolence\NV_120,0
Real Life Violence Dataset\Violence\V_230,1
Real Life Violence Dataset\Violence\V_458,1
real life violence situations\Real Life Violence Dataset\Violence\V_427,1
Real Life Violence Dataset\Violence\V_177,1
real life violence situations\Real Life Violence Dataset\NonViolence\NV_452,0
Real Life Violence Dataset\Violence\V_663,1
Real Life Violence Dataset\NonViolence\NV_180,0
real life violence situations\Real Life Violence Dataset\NonViolence\NV_282,0
Real Life Violence Dataset\NonViolence\NV_692,0
real life violence situations\Real Life Violence Dataset\Violence\V_334,1
real life violence situations\Real Life Violence Dataset\Violence\V_879,1
Real Life Violence Dataset\NonViolence\NV_594,0
Real Life Violence Dataset\NonViolence\NV_120,0
Real Life Violence Dataset\Violence\V_269,1
real life violence situations\Real Life Violence Dataset\NonViolence\NV_233,0
real life violence situations\Real Life Violence Dataset\Violence\V_10,1
Real Life Violence Dataset\NonViolence\NV_934,0
real life violence situations\Real Life Violence Dataset\NonViolence\NV_77,0
Real Life Violence Dataset\NonViolence\NV_861,0
real life violence situations\Real Life Violence Dataset\Violence\V_247,1
Real Life Violence Dataset\NonViolence\NV_383,0
real life violence situations\Real Life Violence Dataset\NonViolence\NV_437,0
Real Life Violence Dataset\NonViolence\NV_648,0
Real Life Violence Dataset\Violence\V_674,1
Real Life Violence Dataset\NonViolence\NV_620,0
Real Life Violence Dataset\NonViolence\NV_912,0
Real Life Violence Dataset\Violence\V_214,1
real life violence situations\Real Life Violence Dataset\NonViolence\NV_102,0
Real Life Violence Dataset\NonViolence\NV_803,0
Real Life Violence Dataset\NonViolence\NV_277,0
Real Life Violence Dataset\Violence\V_521,1
real life violence situations\Real Life Violence Dataset\Violence\V_42,1
real life violence situations\Real Life Violence Dataset\NonViolence\NV_33,0
real life violence situations\Real Life Violence Dataset\NonViolence\NV_866,0
real life violence situations\Real Life Violence Dataset\NonViolence\NV_183,0
Real Life Violence Dataset\Violence\V_699,1
Real Life Violence Dataset\Violence\V_45,1
real life violence situations\Real Life Violence Dataset\NonViolence\NV_939,0
real life violence situations\Real Life Violence Dataset\Violence\V_31,1
Real Life Violence Dataset\Violence\V_536,1
real life violence situations\Real Life Violence Dataset\NonViolence\NV_584,0
real life violence situations\Real Life Violence Dataset\Violence\V_932,1
real life violence situations\Real Life Violence Dataset\NonViolence\NV_815,0
Real Life Violence Dataset\NonViolence\NV_490,0
real life violence situations\Real Life Violence Dataset\NonViolence\NV_274,0
Real Life Violence Dataset\NonViolence\NV_728,0
real life violence situations\Real Life Violence Dataset\NonViolence\NV_93,0
Real Life Violence Dataset\NonViolence\NV_162,0
Real Life Violence Dataset\Violence\V_18,1
real life violence situations\Real Life Violence Dataset\Violence\V_122,1
real life violence situations\Real Life Violence Dataset\NonViolence\NV_916,0
Real Life Violence Dataset\Violence\V_685,1
real life violence situations\Real Life Violence Dataset\Violence\V_36,1
real life violence situations\Real Life Violence Dataset\Violence\V_14,1
real life violence situations\Real Life Violence Dataset\NonViolence\NV_523,0
real life violence situations\Real Life Violence Dataset\NonViolence\NV_402,0
Real Life Violence Dataset\NonViolence\NV_222,0
Real Life Violence Dataset\Violence\V_610,1
Real Life Violence Dataset\NonViolence\NV_176,0
real life violence situations\Real Life Violence Dataset\Violence\V_182,1
real life violence situations\Real Life Violence Dataset\Violence\V_998,1
Real Life Violence Dataset\NonViolence\NV_409,0
real life violence situations\Real Life Violence Dataset\Violence\V_790,1
Real Life Violence Dataset\NonViolence\NV_849,0
Real Life Violence Dataset\Violence\V_853,1
real life violence situations\Real Life Violence Dataset\Violence\V_734,1
Real Life Violence Dataset\NonViolence\NV_855,0
real life violence situations\Real Life Violence Dataset\NonViolence\NV_525,0
real life violence situations\Real Life Violence Dataset\Violence\V_391,1
real life violence situations\Real Life Violence Dataset\Violence\V_693,1
Real Life Violence Dataset\NonViolence\NV_639,0
Real Life Violence Dataset\Violence\V_999,1
Real Life Violence Dataset\Violence\V_207,1
Real Life Violence Dataset\NonViolence\NV_269,0
real life violence situations\Real Life Violence Dataset\NonViolence\NV_574,0
Real Life Violence Dataset\Violence\V_258,1
Real Life Violence Dataset\Violence\V_126,1
real life violence situations\Real Life Violence Dataset\Violence\V_973,1
Real Life Violence Dataset\Violence\V_978,1
real life violence situations\Real Life Violence Dataset\Violence\V_27,1
Real Life Violence Dataset\NonViolence\NV_973,0
real life violence situations\Real Life Violence Dataset\NonViolence\NV_859,0
Real Life Violence Dataset\Violence\V_170,1
real life violence situations\Real Life Violence Dataset\NonViolence\NV_371,0
Real Life Violence Dataset\NonViolence\NV_265,0
Real Life Violence Dataset\NonViolence\NV_75,0
Real Life Violence Dataset\NonViolence\NV_169,0
real life violence situations\Real Life Violence Dataset\Violence\V_744,1
Real Life Violence Dataset\NonViolence\NV_270,0
real life violence situations\Real Life Violence Dataset\Violence\V_867,1
Real Life Violence Dataset\Violence\V_221,1
real life violence situations\Real Life Violence Dataset\Violence\V_656,1
real life violence situations\Real Life Violence Dataset\Violence\V_445,1
Real Life Violence Dataset\NonViolence\NV_196,0
Real Life Violence Dataset\Violence\V_633,1
real life violence situations\Real Life Violence Dataset\NonViolence\NV_623,0
real life violence situations\Real Life Violence Dataset\Violence\V_43,1
Real Life Violence Dataset\Violence\V_590,1
Real Life Violence Dataset\Violence\V_293,1
Real Life Violence Dataset\NonViolence\NV_300,0
Real Life Violence Dataset\NonViolence\NV_477,0
real life violence situations\Real Life Violence Dataset\NonViolence\NV_491,0
Real Life Violence Dataset\Violence\V_909,1
real life violence situations\Real Life Violence Dataset\Violence\V_149,1
real life violence situations\Real Life Violence Dataset\Violence\V_618,1
Real Life Violence Dataset\NonViolence\NV_96,0
real life violence situations\Real Life Violence Dataset\NonViolence\NV_864,0
real life violence situations\Real Life Violence Dataset\NonViolence\NV_478,0
real life violence situations\Real Life Violence Dataset\Violence\V_950,1
real life violence situations\Real Life Violence Dataset\NonViolence\NV_688,0
real life violence situations\Real Life Violence Dataset\NonViolence\NV_277,0
Real Life Violence Dataset\Violence\V_953,1
real life violence situations\Real Life Violence Dataset\Violence\V_340,1
Real Life Violence Dataset\NonViolence\NV_862,0
real life violence situations\Real Life Violence Dataset\NonViolence\NV_852,0
real life violence situations\Real Life Violence Dataset\Violence\V_13,1
Real Life Violence Dataset\NonViolence\NV_6,0
real life violence situations\Real Life Violence Dataset\NonViolence\NV_325,0
Real Life Violence Dataset\Violence\V_58,1
Real Life Violence Dataset\NonViolence\NV_123,0
real life violence situations\Real Life Violence Dataset\NonViolence\NV_583,0
Real Life Violence Dataset\NonViolence\NV_439,0
real life violence situations\Real Life Violence Dataset\NonViolence\NV_340,0
real life violence situations\Real Life Violence Dataset\NonViolence\NV_541,0
real life violence situations\Real Life Violence Dataset\Violence\V_470,1
real life violence situations\Real Life Violence Dataset\NonViolence\NV_387,0
real life violence situations\Real Life Violence Dataset\NonViolence\NV_738,0
real life violence situations\Real Life Violence Dataset\NonViolence\NV_303,0
real life violence situations\Real Life Violence Dataset\NonViolence\NV_954,0
real life violence situations\Real Life Violence Dataset\Violence\V_346,1
Real Life Violence Dataset\NonViolence\NV_955,0
Real Life Violence Dataset\Violence\V_191,1
Real Life Violence Dataset\Violence\V_37,1
real life violence situations\Real Life Violence Dataset\Violence\V_442,1
real life violence situations\Real Life Violence Dataset\Violence\V_839,1
real life violence situations\Real Life Violence Dataset\NonViolence\NV_313,0
real life violence situations\Real Life Violence Dataset\Violence\V_166,1
Real Life Violence Dataset\NonViolence\NV_157,0
Real Life Violence Dataset\NonViolence\NV_730,0
real life violence situations\Real Life Violence Dataset\NonViolence\NV_572,0
real life violence situations\Real Life Violence Dataset\Violence\V_141,1
Real Life Violence Dataset\Violence\V_981,1
real life violence situations\Real Life Violence Dataset\NonViolence\NV_514,0
Real Life Violence Dataset\NonViolence\NV_832,0
real life violence situations\Real Life Violence Dataset\Violence\V_497,1
real life violence situations\Real Life Violence Dataset\Violence\V_134,1
Real Life Violence Dataset\NonViolence\NV_619,0
Real Life Violence Dataset\Violence\V_415,1
Real Life Violence Dataset\NonViolence\NV_667,0
real life violence situations\Real Life Violence Dataset\NonViolence\NV_639,0
Real Life Violence Dataset\Violence\V_831,1
real life violence situations\Real Life Violence Dataset\NonViolence\NV_10,0
Real Life Violence Dataset\Violence\V_484,1
Real Life Violence Dataset\NonViolence\NV_293,0
Real Life Violence Dataset\Violence\V_603,1
Real Life Violence Dataset\NonViolence\NV_87,0
real life violence situations\Real Life Violence Dataset\Violence\V_219,1
real life violence situations\Real Life Violence Dataset\NonViolence\NV_51,0
real life violence situations\Real Life Violence Dataset\NonViolence\NV_243,0
real life violence situations\Real Life Violence Dataset\Violence\V_6,1
real life violence situations\Real Life Violence Dataset\Violence\V_672,1
real life violence situations\Real Life Violence Dataset\NonViolence\NV_241,0
Real Life Violence Dataset\NonViolence\NV_582,0
real life violence situations\Real Life Violence Dataset\NonViolence\NV_50,0
real life violence situations\Real Life Violence Dataset\Violence\V_243,1
real life violence situations\Real Life Violence Dataset\Violence\V_795,1
real life violence situations\Real Life Violence Dataset\NonViolence\NV_465,0
Real Life Violence Dataset\NonViolence\NV_949,0
real life violence situations\Real Life Violence Dataset\NonViolence\NV_649,0
real life violence situations\Real Life Violence Dataset\NonViolence\NV_782,0
real life violence situations\Real Life Violence Dataset\Violence\V_829,1
Real Life Violence Dataset\Violence\V_262,1
real life violence situations\Real Life Violence Dataset\NonViolence\NV_214,0
Real Life Violence Dataset\Violence\V_483,1
Real Life Violence Dataset\Violence\V_604,1
real life violence situations\Real Life Violence Dataset\Violence\V_580,1
Real Life Violence Dataset\NonViolence\NV_789,0
Real Life Violence Dataset\NonViolence\NV_246,0
real life violence situations\Real Life Violence Dataset\NonViolence\NV_614,0
real life violence situations\Real Life Violence Dataset\Violence\V_709,1
Real Life Violence Dataset\Violence\V_137,1
Real Life Violence Dataset\Violence\V_142,1
Real Life Violence Dataset\NonViolence\NV_739,0
real life violence situations\Real Life Violence Dataset\NonViolence\NV_195,0
Real Life Violence Dataset\NonViolence\NV_647,0
Real Life Violence Dataset\NonViolence\NV_527,0
Real Life Violence Dataset\Violence\V_455,1
real life violence situations\Real Life Violence Dataset\NonViolence\NV_588,0
real life violence situations\Real Life Violence Dataset\Violence\V_938,1
real life violence situations\Real Life Violence Dataset\NonViolence\NV_672,0
real life violence situations\Real Life Violence Dataset\Violence\V_326,1
Real Life Violence Dataset\NonViolence\NV_430,0
Real Life Violence Dataset\Violence\V_774,1
real life violence situations\Real Life Violence Dataset\NonViolence\NV_831,0
Real Life Violence Dataset\NonViolence\NV_958,0
real life violence situations\Real Life Violence Dataset\NonViolence\NV_502,0
real life violence situations\Real Life Violence Dataset\Violence\V_61,1
real life violence situations\Real Life Violence Dataset\NonViolence\NV_34,0
Real Life Violence Dataset\Violence\V_686,1
real life violence situations\Real Life Violence Dataset\Violence\V_293,1
real life violence situations\Real Life Violence Dataset\Violence\V_19,1
Real Life Violence Dataset\NonViolence\NV_156,0
Real Life Violence Dataset\Violence\V_238,1
real life violence situations\Real Life Violence Dataset\Violence\V_927,1
real life violence situations\Real Life Violence Dataset\NonViolence\NV_153,0
Real Life Violence Dataset\NonViolence\NV_644,0
real life violence situations\Real Life Violence Dataset\NonViolence\NV_467,0
Real Life Violence Dataset\NonViolence\NV_523,0
Real Life Violence Dataset\Violence\V_65,1
Real Life Violence Dataset\NonViolence\NV_194,0
Real Life Violence Dataset\Violence\V_444,1
Real Life Violence Dataset\NonViolence\NV_593,0
real life violence situations\Real Life Violence Dataset\Violence\V_654,1
Real Life Violence Dataset\NonViolence\NV_766,0
Real Life Violence Dataset\NonViolence\NV_56,0
real life violence situations\Real Life Violence Dataset\NonViolence\NV_591,0
Real Life Violence Dataset\Violence\V_808,1
real life violence situations\Real Life Violence Dataset\NonViolence\NV_8,0
real life violence situations\Real Life Violence Dataset\Violence\V_715,1
real life violence situations\Real Life Violence Dataset\NonViolence\NV_668,0
Real Life Violence Dataset\NonViolence\NV_894,0
real life violence situations\Real Life Violence Dataset\Violence\V_908,1
real life violence situations\Real Life Violence Dataset\Violence\V_621,1
Real Life Violence Dataset\NonViolence\NV_930,0
real life violence situations\Real Life Violence Dataset\Violence\V_234,1
real life violence situations\Real Life Violence Dataset\Violence\V_370,1
real life violence situations\Real Life Violence Dataset\NonViolence\NV_771,0
Real Life Violence Dataset\NonViolence\NV_71,0
Real Life Violence Dataset\Violence\V_424,1
real life violence situations\Real Life Violence Dataset\Violence\V_230,1
Real Life Violence Dataset\Violence\V_576,1
real life violence situations\Real Life Violence Dataset\Violence\V_309,1
real life violence situations\Real Life Violence Dataset\Violence\V_817,1
real life violence situations\Real Life Violence Dataset\Violence\V_194,1
Real Life Violence Dataset\Violence\V_939,1
real life violence situations\Real Life Violence Dataset\NonViolence\NV_264,0
Real Life Violence Dataset\Violence\V_478,1
real life violence situations\Real Life Violence Dataset\Violence\V_601,1
Real Life Violence Dataset\Violence\V_186,1
Real Life Violence Dataset\NonViolence\NV_616,0
Real Life Violence Dataset\Violence\V_442,1
real life violence situations\Real Life Violence Dataset\NonViolence\NV_194,0
Real Life Violence Dataset\Violence\V_887,1
Real Life Violence Dataset\NonViolence\NV_977,0
real life violence situations\Real Life Violence Dataset\Violence\V_921,1
Real Life Violence Dataset\NonViolence\NV_607,0
Real Life Violence Dataset\NonViolence\NV_863,0
Real Life Violence Dataset\Violence\V_983,1
real life violence situations\Real Life Violence Dataset\NonViolence\NV_637,0
real life violence situations\Real Life Violence Dataset\Violence\V_403,1
real life violence situations\Real Life Violence Dataset\NonViolence\NV_128,0
real life violence situations\Real Life Violence Dataset\Violence\V_71,1
Real Life Violence Dataset\Violence\V_788,1
real life violence situations\Real Life Violence Dataset\Violence\V_939,1
real life violence situations\Real Life Violence Dataset\Violence\V_56,1
real life violence situations\Real Life Violence Dataset\Violence\V_160,1
Real Life Violence Dataset\Violence\V_555,1
Real Life Violence Dataset\Violence\V_109,1
Real Life Violence Dataset\NonViolence\NV_14,0
real life violence situations\Real Life Violence Dataset\NonViolence\NV_581,0
Real Life Violence Dataset\NonViolence\NV_588,0
real life violence situations\Real Life Violence Dataset\NonViolence\NV_458,0
Real Life Violence Dataset\NonViolence\NV_673,0
Real Life Violence Dataset\NonViolence\NV_919,0
Real Life Violence Dataset\NonViolence\NV_656,0
real life violence situations\Real Life Violence Dataset\Violence\V_788,1
Real Life Violence Dataset\Violence\V_421,1
Real Life Violence Dataset\Violence\V_285,1
Real Life Violence Dataset\NonViolence\NV_371,0
real life violence situations\Real Life Violence Dataset\Violence\V_695,1
Real Life Violence Dataset\Violence\V_391,1
real life violence situations\Real Life Violence Dataset\Violence\V_591,1
Real Life Violence Dataset\Violence\V_248,1
Real Life Violence Dataset\Violence\V_101,1
Real Life Violence Dataset\NonViolence\NV_166,0
Real Life Violence Dataset\Violence\V_828,1
real life violence situations\Real Life Violence Dataset\Violence\V_814,1
real life violence situations\Real Life Violence Dataset\NonViolence\NV_378,0
real life violence situations\Real Life Violence Dataset\NonViolence\NV_990,0
real life violence situations\Real Life Violence Dataset\Violence\V_55,1
real life violence situations\Real Life Violence Dataset\NonViolence\NV_748,0
Real Life Violence Dataset\NonViolence\NV_511,0
Real Life Violence Dataset\NonViolence\NV_921,0
Real Life Violence Dataset\NonViolence\NV_404,0
Real Life Violence Dataset\Violence\V_35,1
real life violence situations\Real Life Violence Dataset\Violence\V_769,1
Real Life Violence Dataset\Violence\V_41,1
real life violence situations\Real Life Violence Dataset\NonViolence\NV_657,0
real life violence situations\Real Life Violence Dataset\NonViolence\NV_692,0
Real Life Violence Dataset\NonViolence\NV_303,0
real life violence situations\Real Life Violence Dataset\NonViolence\NV_479,0
real life violence situations\Real Life Violence Dataset\NonViolence\NV_497,0
Real Life Violence Dataset\Violence\V_286,1
real life violence situations\Real Life Violence Dataset\Violence\V_942,1
real life violence situations\Real Life Violence Dataset\NonViolence\NV_388,0
Real Life Violence Dataset\NonViolence\NV_524,0
Real Life Violence Dataset\NonViolence\NV_301,0
Real Life Violence Dataset\NonViolence\NV_464,0
Real Life Violence Dataset\Violence\V_9,1
Real Life Violence Dataset\Violence\V_116,1
real life violence situations\Real Life Violence Dataset\NonViolence\NV_309,0
Real Life Violence Dataset\Violence\V_350,1
real life violence situations\Real Life Violence Dataset\NonViolence\NV_936,0
Real Life Violence Dataset\NonViolence\NV_328,0
Real Life Violence Dataset\Violence\V_657,1
real life violence situations\Real Life Violence Dataset\NonViolence\NV_799,0
real life violence situations\Real Life Violence Dataset\Violence\V_421,1
real life violence situations\Real Life Violence Dataset\NonViolence\NV_348,0
real life violence situations\Real Life Violence Dataset\NonViolence\NV_242,0
Real Life Violence Dataset\NonViolence\NV_330,0
Real Life Violence Dataset\Violence\V_486,1
real life violence situations\Real Life Violence Dataset\Violence\V_770,1
real life violence situations\Real Life Violence Dataset\NonViolence\NV_36,0
real life violence situations\Real Life Violence Dataset\Violence\V_892,1
Real Life Violence Dataset\Violence\V_741,1
real life violence situations\Real Life Violence Dataset\Violence\V_778,1
real life violence situations\Real Life Violence Dataset\NonViolence\NV_397,0
Real Life Violence Dataset\Violence\V_418,1
real life violence situations\Real Life Violence Dataset\Violence\V_252,1
Real Life Violence Dataset\Violence\V_302,1
Real Life Violence Dataset\Violence\V_106,1
real life violence situations\Real Life Violence Dataset\NonViolence\NV_202,0
Real Life Violence Dataset\Violence\V_472,1
Real Life Violence Dataset\NonViolence\NV_496,0
real life violence situations\Real Life Violence Dataset\NonViolence\NV_356,0
Real Life Violence Dataset\NonViolence\NV_621,0
real life violence situations\Real Life Violence Dataset\Violence\V_711,1
Real Life Violence Dataset\NonViolence\NV_567,0
Real Life Violence Dataset\Violence\V_363,1
Real Life Violence Dataset\Violence\V_451,1
Real Life Violence Dataset\NonViolence\NV_963,0
Real Life Violence Dataset\Violence\V_688,1
Real Life Violence Dataset\Violence\V_925,1
real life violence situations\Real Life Violence Dataset\Violence\V_827,1
real life violence situations\Real Life Violence Dataset\Violence\V_332,1
real life violence situations\Real Life Violence Dataset\Violence\V_856,1
real life violence situations\Real Life Violence Dataset\NonViolence\NV_503,0
Real Life Violence Dataset\NonViolence\NV_451,0
real life violence situations\Real Life Violence Dataset\Violence\V_500,1
real life violence situations\Real Life Violence Dataset\NonViolence\NV_959,0
real life violence situations\Real Life Violence Dataset\Violence\V_237,1
Real Life Violence Dataset\NonViolence\NV_296,0
real life violence situations\Real Life Violence Dataset\Violence\V_680,1
real life violence situations\Real Life Violence Dataset\NonViolence\NV_424,0
real life violence situations\Real Life Violence Dataset\NonViolence\NV_563,0
real life violence situations\Real Life Violence Dataset\Violence\V_383,1
real life violence situations\Real Life Violence Dataset\Violence\V_539,1
Real Life Violence Dataset\Violence\V_795,1
real life violence situations\Real Life Violence Dataset\NonViolence\NV_295,0
Real Life Violence Dataset\NonViolence\NV_943,0
real life violence situations\Real Life Violence Dataset\Violence\V_594,1
Real Life Violence Dataset\Violence\V_441,1
real life violence situations\Real Life Violence Dataset\NonViolence\NV_473,0
Real Life Violence Dataset\Violence\V_167,1
real life violence situations\Real Life Violence Dataset\NonViolence\NV_55,0
real life violence situations\Real Life Violence Dataset\Violence\V_261,1
real life violence situations\Real Life Violence Dataset\NonViolence\NV_763,0
real life violence situations\Real Life Violence Dataset\NonViolence\NV_302,0
Real Life Violence Dataset\NonViolence\NV_726,0
real life violence situations\Real Life Violence Dataset\Violence\V_329,1
Real Life Violence Dataset\Violence\V_880,1
Real Life Violence Dataset\Violence\V_908,1
real life violence situations\Real Life Violence Dataset\Violence\V_406,1
Real Life Violence Dataset\NonViolence\NV_310,0
real life violence situations\Real Life Violence Dataset\Violence\V_484,1
real life violence situations\Real Life Violence Dataset\NonViolence\NV_219,0
Real Life Violence Dataset\Violence\V_71,1
real life violence situations\Real Life Violence Dataset\Violence\V_266,1
Real Life Violence Dataset\NonViolence\NV_932,0
real life violence situations\Real Life Violence Dataset\Violence\V_320,1
real life violence situations\Real Life Violence Dataset\Violence\V_180,1
real life violence situations\Real Life Violence Dataset\NonViolence\NV_197,0
Real Life Violence Dataset\NonViolence\NV_806,0
Real Life Violence Dataset\NonViolence\NV_848,0
real life violence situations\Real Life Violence Dataset\Violence\V_944,1
Real Life Violence Dataset\NonViolence\NV_347,0
Real Life Violence Dataset\NonViolence\NV_929,0
real life violence situations\Real Life Violence Dataset\Violence\V_857,1
Real Life Violence Dataset\NonViolence\NV_758,0
real life violence situations\Real Life Violence Dataset\Violence\V_41,1
Real Life Violence Dataset\NonViolence\NV_539,0
real life violence situations\Real Life Violence Dataset\NonViolence\NV_149,0
real life violence situations\Real Life Violence Dataset\NonViolence\NV_64,0
real life violence situations\Real Life Violence Dataset\Violence\V_392,1
real life violence situations\Real Life Violence Dataset\Violence\V_405,1
Real Life Violence Dataset\NonViolence\NV_238,0
Real Life Violence Dataset\Violence\V_429,1
real life violence situations\Real Life Violence Dataset\Violence\V_953,1
Real Life Violence Dataset\Violence\V_312,1
real life violence situations\Real Life Violence Dataset\NonViolence\NV_540,0
Real Life Violence Dataset\NonViolence\NV_750,0
real life violence situations\Real Life Violence Dataset\NonViolence\NV_780,0
Real Life Violence Dataset\Violence\V_583,1
Real Life Violence Dataset\NonViolence\NV_531,0
real life violence situations\Real Life Violence Dataset\NonViolence\NV_690,0
real life violence situations\Real Life Violence Dataset\Violence\V_566,1
real life violence situations\Real Life Violence Dataset\Violence\V_889,1
real life violence situations\Real Life Violence Dataset\Violence\V_494,1
Real Life Violence Dataset\Violence\V_556,1
Real Life Violence Dataset\Violence\V_61,1
real life violence situations\Real Life Violence Dataset\Violence\V_95,1
real life violence situations\Real Life Violence Dataset\Violence\V_480,1
Real Life Violence Dataset\Violence\V_495,1
Real Life Violence Dataset\Violence\V_40,1
real life violence situations\Real Life Violence Dataset\NonViolence\NV_983,0
Real Life Violence Dataset\NonViolence\NV_306,0
real life violence situations\Real Life Violence Dataset\NonViolence\NV_384,0
real life violence situations\Real Life Violence Dataset\NonViolence\NV_622,0
Real Life Violence Dataset\NonViolence\NV_653,0
Real Life Violence Dataset\Violence\V_205,1
Real Life Violence Dataset\Violence\V_345,1
Real Life Violence Dataset\Violence\V_376,1
Real Life Violence Dataset\Violence\V_743,1
real life violence situations\Real Life Violence Dataset\Violence\V_17,1
real life violence situations\Real Life Violence Dataset\Violence\V_501,1
real life violence situations\Real Life Violence Dataset\NonViolence\NV_862,0
real life violence situations\Real Life Violence Dataset\NonViolence\NV_228,0
real life violence situations\Real Life Violence Dataset\NonViolence\NV_354,0
real life violence situations\Real Life Violence Dataset\NonViolence\NV_702,0
real life violence situations\Real Life Violence Dataset\Violence\V_763,1
real life violence situations\Real Life Violence Dataset\Violence\V_519,1
Real Life Violence Dataset\Violence\V_430,1
real life violence situations\Real Life Violence Dataset\NonViolence\NV_580,0
real life violence situations\Real Life Violence Dataset\NonViolence\NV_56,0
real life violence situations\Real Life Violence Dataset\Violence\V_339,1
Real Life Violence Dataset\NonViolence\NV_657,0
real life violence situations\Real Life Violence Dataset\Violence\V_23,1
Real Life Violence Dataset\Violence\V_62,1
real life violence situations\Real Life Violence Dataset\Violence\V_426,1
Real Life Violence Dataset\NonViolence\NV_714,0
Real Life Violence Dataset\NonViolence\NV_213,0
Real Life Violence Dataset\Violence\V_767,1
real life violence situations\Real Life Violence Dataset\Violence\V_664,1
real life violence situations\Real Life Violence Dataset\Violence\V_177,1
Real Life Violence Dataset\Violence\V_519,1
Real Life Violence Dataset\NonViolence\NV_346,0
real life violence situations\Real Life Violence Dataset\NonViolence\NV_892,0
real life violence situations\Real Life Violence Dataset\NonViolence\NV_596,0
real life violence situations\Real Life Violence Dataset\Violence\V_588,1
real life violence situations\Real Life Violence Dataset\Violence\V_472,1
Real Life Violence Dataset\NonViolence\NV_564,0
real life violence situations\Real Life Violence Dataset\Violence\V_536,1
Real Life Violence Dataset\NonViolence\NV_179,0
real life violence situations\Real Life Violence Dataset\Violence\V_914,1
Real Life Violence Dataset\Violence\V_4,1
Real Life Violence Dataset\Violence\V_561,1
real life violence situations\Real Life Violence Dataset\NonViolence\NV_450,0
real life violence situations\Real Life Violence Dataset\Violence\V_7,1
Real Life Violence Dataset\NonViolence\NV_438,0
Real Life Violence Dataset\Violence\V_67,1
real life violence situations\Real Life Violence Dataset\NonViolence\NV_838,0
Real Life Violence Dataset\Violence\V_179,1
real life violence situations\Real Life Violence Dataset\Violence\V_861,1
Real Life Violence Dataset\Violence\V_656,1
Real Life Violence Dataset\Violence\V_986,1
real life violence situations\Real Life Violence Dataset\NonViolence\NV_532,0
real life violence situations\Real Life Violence Dataset\Violence\V_336,1
real life violence situations\Real Life Violence Dataset\Violence\V_904,1
real life violence situations\Real Life Violence Dataset\Violence\V_100,1
Real Life Violence Dataset\Violence\V_807,1
real life violence situations\Real Life Violence Dataset\NonViolence\NV_731,0
real life violence situations\Real Life Violence Dataset\Violence\V_52,1
real life violence situations\Real Life Violence Dataset\NonViolence\NV_248,0
real life violence situations\Real Life Violence Dataset\NonViolence\NV_104,0
Real Life Violence Dataset\Violence\V_384,1
real life violence situations\Real Life Violence Dataset\NonViolence\NV_75,0
real life violence situations\Real Life Violence Dataset\NonViolence\NV_97,0
real life violence situations\Real Life Violence Dataset\Violence\V_101,1
Real Life Violence Dataset\NonViolence\NV_473,0
Real Life Violence Dataset\NonViolence\NV_812,0
Real Life Violence Dataset\Violence\V_317,1
real life violence situations\Real Life Violence Dataset\NonViolence\NV_317,0
real life violence situations\Real Life Violence Dataset\NonViolence\NV_653,0
Real Life Violence Dataset\Violence\V_816,1
Real Life Violence Dataset\NonViolence\NV_242,0
real life violence situations\Real Life Violence Dataset\NonViolence\NV_686,0
real life violence situations\Real Life Violence Dataset\Violence\V_490,1
Real Life Violence Dataset\NonViolence\NV_294,0
real life violence situations\Real Life Violence Dataset\NonViolence\NV_706,0
real life violence situations\Real Life Violence Dataset\Violence\V_481,1
real life violence situations\Real Life Violence Dataset\NonViolence\NV_273,0
real life violence situations\Real Life Violence Dataset\NonViolence\NV_276,0
Real Life Violence Dataset\NonViolence\NV_612,0
Real Life Violence Dataset\Violence\V_39,1
real life violence situations\Real Life Violence Dataset\Violence\V_60,1
real life violence situations\Real Life Violence Dataset\Violence\V_214,1
Real Life Violence Dataset\NonViolence\NV_315,0
real life violence situations\Real Life Violence Dataset\Violence\V_894,1
real life violence situations\Real Life Violence Dataset\NonViolence\NV_592,0
Real Life Violence Dataset\Violence\V_838,1
Real Life Violence Dataset\Violence\V_553,1
real life violence situations\Real Life Violence Dataset\Violence\V_463,1
Real Life Violence Dataset\NonViolence\NV_108,0
real life violence situations\Real Life Violence Dataset\Violence\V_746,1
Real Life Violence Dataset\NonViolence\NV_237,0
real life violence situations\Real Life Violence Dataset\NonViolence\NV_406,0
Real Life Violence Dataset\NonViolence\NV_209,0
real life violence situations\Real Life Violence Dataset\Violence\V_946,1
real life violence situations\Real Life Violence Dataset\NonViolence\NV_376,0
Real Life Violence Dataset\NonViolence\NV_49,0
Real Life Violence Dataset\NonViolence\NV_146,0
real life violence situations\Real Life Violence Dataset\NonViolence\NV_617,0
real life violence situations\Real Life Violence Dataset\Violence\V_193,1
Real Life Violence Dataset\Violence\V_461,1
real life violence situations\Real Life Violence Dataset\Violence\V_156,1
Real Life Violence Dataset\NonViolence\NV_553,0
real life violence situations\Real Life Violence Dataset\NonViolence\NV_577,0
Real Life Violence Dataset\Violence\V_724,1
Real Life Violence Dataset\Violence\V_417,1
real life violence situations\Real Life Violence Dataset\Violence\V_702,1
Real Life Violence Dataset\NonViolence\NV_396,0
Real Life Violence Dataset\NonViolence\NV_68,0
Real Life Violence Dataset\Violence\V_228,1
real life violence situations\Real Life Violence Dataset\NonViolence\NV_407,0
Real Life Violence Dataset\Violence\V_646,1
real life violence situations\Real Life Violence Dataset\Violence\V_708,1
Real Life Violence Dataset\NonViolence\NV_210,0
Real Life Violence Dataset\NonViolence\NV_729,0
real life violence situations\Real Life Violence Dataset\Violence\V_173,1
Real Life Violence Dataset\NonViolence\NV_413,0
Real Life Violence Dataset\NonViolence\NV_174,0
real life violence situations\Real Life Violence Dataset\NonViolence\NV_616,0
real life violence situations\Real Life Violence Dataset\Violence\V_891,1
Real Life Violence Dataset\NonViolence\NV_937,0
real life violence situations\Real Life Violence Dataset\NonViolence\NV_476,0
Real Life Violence Dataset\Violence\V_951,1
Real Life Violence Dataset\Violence\V_215,1
Real Life Violence Dataset\Violence\V_785,1
Real Life Violence Dataset\NonViolence\NV_981,0
real life violence situations\Real Life Violence Dataset\Violence\V_684,1
Real Life Violence Dataset\NonViolence\NV_884,0
Real Life Violence Dataset\Violence\V_373,1
Real Life Violence Dataset\Violence\V_273,1
real life violence situations\Real Life Violence Dataset\NonViolence\NV_250,0
Real Life Violence Dataset\Violence\V_856,1
real life violence situations\Real Life Violence Dataset\Violence\V_833,1
real life violence situations\Real Life Violence Dataset\Violence\V_529,1
real life violence situations\Real Life Violence Dataset\NonViolence\NV_777,0
real life violence situations\Real Life Violence Dataset\Violence\V_263,1
real life violence situations\Real Life Violence Dataset\Violence\V_453,1
Real Life Violence Dataset\Violence\V_719,1
real life violence situations\Real Life Violence Dataset\Violence\V_324,1
Real Life Violence Dataset\NonViolence\NV_751,0
Real Life Violence Dataset\Violence\V_36,1
real life violence situations\Real Life Violence Dataset\Violence\V_116,1
Real Life Violence Dataset\NonViolence\NV_537,0
Real Life Violence Dataset\Violence\V_641,1
real life violence situations\Real Life Violence Dataset\Violence\V_476,1
Real Life Violence Dataset\Violence\V_900,1
Real Life Violence Dataset\Violence\V_365,1
Real Life Violence Dataset\NonViolence\NV_962,0
Real Life Violence Dataset\Violence\V_837,1
real life violence situations\Real Life Violence Dataset\Violence\V_617,1
Real Life Violence Dataset\Violence\V_877,1
real life violence situations\Real Life Violence Dataset\NonViolence\NV_141,0
Real Life Violence Dataset\NonViolence\NV_985,0
real life violence situations\Real Life Violence Dataset\Violence\V_381,1
Real Life Violence Dataset\Violence\V_606,1
Real Life Violence Dataset\NonViolence\NV_654,0
real life violence situations\Real Life Violence Dataset\NonViolence\NV_204,0
real life violence situations\Real Life Violence Dataset\NonViolence\NV_453,0
Real Life Violence Dataset\NonViolence\NV_811,0
Real Life Violence Dataset\NonViolence\NV_556,0
real life violence situations\Real Life Violence Dataset\Violence\V_420,1
real life violence situations\Real Life Violence Dataset\NonViolence\NV_45,0
Real Life Violence Dataset\NonViolence\NV_431,0
Real Life Violence Dataset\NonViolence\NV_565,0
Real Life Violence Dataset\Violence\V_866,1
real life violence situations\Real Life Violence Dataset\Violence\V_286,1
real life violence situations\Real Life Violence Dataset\NonViolence\NV_750,0
Real Life Violence Dataset\NonViolence\NV_23,0
real life violence situations\Real Life Violence Dataset\NonViolence\NV_533,0
Real Life Violence Dataset\Violence\V_140,1
real life violence situations\Real Life Violence Dataset\NonViolence\NV_779,0
real life violence situations\Real Life Violence Dataset\Violence\V_545,1
Real Life Violence Dataset\NonViolence\NV_695,0
real life violence situations\Real Life Violence Dataset\Violence\V_723,1
real life violence situations\Real Life Violence Dataset\Violence\V_916,1
Real Life Violence Dataset\NonViolence\NV_790,0
Real Life Violence Dataset\NonViolence\NV_514,0
real life violence situations\Real Life Violence Dataset\NonViolence\NV_820,0
Real Life Violence Dataset\Violence\V_851,1
Real Life Violence Dataset\Violence\V_217,1
real life violence situations\Real Life Violence Dataset\NonViolence\NV_393,0
real life violence situations\Real Life Violence Dataset\NonViolence\NV_849,0
Real Life Violence Dataset\NonViolence\NV_572,0
Real Life Violence Dataset\Violence\V_339,1
real life violence situations\Real Life Violence Dataset\NonViolence\NV_32,0
real life violence situations\Real Life Violence Dataset\Violence\V_154,1
real life violence situations\Real Life Violence Dataset\NonViolence\NV_136,0
real life violence situations\Real Life Violence Dataset\Violence\V_915,1
Real Life Violence Dataset\Violence\V_342,1
Real Life Violence Dataset\NonViolence\NV_59,0
real life violence situations\Real Life Violence Dataset\Violence\V_637,1
real life violence situations\Real Life Violence Dataset\Violence\V_842,1
real life violence situations\Real Life Violence Dataset\Violence\V_528,1
real life violence situations\Real Life Violence Dataset\Violence\V_50,1
Real Life Violence Dataset\Violence\V_549,1
Real Life Violence Dataset\NonViolence\NV_172,0
real life violence situations\Real Life Violence Dataset\Violence\V_758,1
real life violence situations\Real Life Violence Dataset\Violence\V_153,1
Real Life Violence Dataset\NonViolence\NV_470,0
real life violence situations\Real Life Violence Dataset\NonViolence\NV_399,0
real life violence situations\Real Life Violence Dataset\NonViolence\NV_571,0
Real Life Violence Dataset\NonViolence\NV_764,0
Real Life Violence Dataset\NonViolence\NV_993,0
Real Life Violence Dataset\NonViolence\NV_516,0
Real Life Violence Dataset\Violence\V_121,1
Real Life Violence Dataset\NonViolence\NV_734,0
Real Life Violence Dataset\NonViolence\NV_781,0
real life violence situations\Real Life Violence Dataset\NonViolence\NV_978,0
Real Life Violence Dataset\Violence\V_709,1
Real Life Violence Dataset\NonViolence\NV_761,0
Real Life Violence Dataset\Violence\V_702,1
real life violence situations\Real Life Violence Dataset\NonViolence\NV_938,0
real life violence situations\Real Life Violence Dataset\NonViolence\NV_881,0
Real Life Violence Dataset\Violence\V_249,1
Real Life Violence Dataset\NonViolence\NV_563,0
Real Life Violence Dataset\Violence\V_931,1
real life violence situations\Real Life Violence Dataset\NonViolence\NV_336,0
Real Life Violence Dataset\Violence\V_587,1
Real Life Violence Dataset\NonViolence\NV_243,0
real life violence situations\Real Life Violence Dataset\Violence\V_318,1
real life violence situations\Real Life Violence Dataset\NonViolence\NV_301,0
real life violence situations\Real Life Violence Dataset\NonViolence\NV_68,0
real life violence situations\Real Life Violence Dataset\NonViolence\NV_846,0
real life violence situations\Real Life Violence Dataset\NonViolence\NV_636,0
real life violence situations\Real Life Violence Dataset\Violence\V_244,1
Real Life Violence Dataset\NonViolence\NV_134,0
real life violence situations\Real Life Violence Dataset\Violence\V_926,1
Real Life Violence Dataset\Violence\V_150,1
real life violence situations\Real Life Violence Dataset\NonViolence\NV_189,0
real life violence situations\Real Life Violence Dataset\Violence\V_884,1
real life violence situations\Real Life Violence Dataset\NonViolence\NV_647,0
Real Life Violence Dataset\NonViolence\NV_851,0
real life violence situations\Real Life Violence Dataset\Violence\V_131,1
real life violence situations\Real Life Violence Dataset\NonViolence\NV_886,0
Real Life Violence Dataset\NonViolence\NV_106,0
real life violence situations\Real Life Violence Dataset\Violence\V_253,1
Real Life Violence Dataset\Violence\V_675,1
Real Life Violence Dataset\NonViolence\NV_551,0
real life violence situations\Real Life Violence Dataset\NonViolence\NV_795,0
Real Life Violence Dataset\NonViolence\NV_459,0
real life violence situations\Real Life Violence Dataset\NonViolence\NV_633,0
real life violence situations\Real Life Violence Dataset\NonViolence\NV_493,0
real life violence situations\Real Life Violence Dataset\NonViolence\NV_717,0
Real Life Violence Dataset\NonViolence\NV_333,0
real life violence situations\Real Life Violence Dataset\Violence\V_661,1
Real Life Violence Dataset\Violence\V_72,1
Real Life Violence Dataset\NonViolence\NV_217,0
Real Life Violence Dataset\Violence\V_370,1
real life violence situations\Real Life Violence Dataset\NonViolence\NV_683,0
real life violence situations\Real Life Violence Dataset\NonViolence\NV_800,0
Real Life Violence Dataset\Violence\V_809,1
Real Life Violence Dataset\Violence\V_383,1
real life violence situations\Real Life Violence Dataset\NonViolence\NV_416,0
real life violence situations\Real Life Violence Dataset\Violence\V_989,1
Real Life Violence Dataset\NonViolence\NV_479,0
Real Life Violence Dataset\Violence\V_779,1
Real Life Violence Dataset\NonViolence\NV_671,0
Real Life Violence Dataset\NonViolence\NV_983,0
Real Life Violence Dataset\Violence\V_806,1
Real Life Violence Dataset\NonViolence\NV_410,0
real life violence situations\Real Life Violence Dataset\Violence\V_561,1
Real Life Violence Dataset\NonViolence\NV_702,0
real life violence situations\Real Life Violence Dataset\Violence\V_895,1
Real Life Violence Dataset\Violence\V_380,1
real life violence situations\Real Life Violence Dataset\Violence\V_164,1
real life violence situations\Real Life Violence Dataset\NonViolence\NV_318,0
Real Life Violence Dataset\NonViolence\NV_950,0
real life violence situations\Real Life Violence Dataset\Violence\V_232,1
real life violence situations\Real Life Violence Dataset\Violence\V_365,1
Real Life Violence Dataset\Violence\V_996,1
real life violence situations\Real Life Violence Dataset\NonViolence\NV_65,0
Real Life Violence Dataset\Violence\V_781,1
real life violence situations\Real Life Violence Dataset\NonViolence\NV_926,0
Real Life Violence Dataset\Violence\V_494,1
Real Life Violence Dataset\Violence\V_420,1
Real Life Violence Dataset\NonViolence\NV_350,0
real life violence situations\Real Life Violence Dataset\NonViolence\NV_891,0
real life violence situations\Real Life Violence Dataset\NonViolence\NV_95,0
real life violence situations\Real Life Violence Dataset\NonViolence\NV_57,0
real life violence situations\Real Life Violence Dataset\Violence\V_402,1
Real Life Violence Dataset\Violence\V_425,1
real life violence situations\Real Life Violence Dataset\Violence\V_190,1
Real Life Violence Dataset\NonViolence\NV_456,0
real life violence situations\Real Life Violence Dataset\Violence\V_869,1
real life violence situations\Real Life Violence Dataset\NonViolence\NV_721,0
real life violence situations\Real Life Violence Dataset\NonViolence\NV_464,0
real life violence situations\Real Life Violence Dataset\Violence\V_984,1
Real Life Violence Dataset\NonViolence\NV_441,0
Real Life Violence Dataset\NonViolence\NV_64,0
Real Life Violence Dataset\Violence\V_241,1
real life violence situations\Real Life Violence Dataset\NonViolence\NV_882,0
Real Life Violence Dataset\Violence\V_524,1
real life violence situations\Real Life Violence Dataset\Violence\V_400,1
Real Life Violence Dataset\Violence\V_5,1
real life violence situations\Real Life Violence Dataset\Violence\V_76,1
Real Life Violence Dataset\NonViolence\NV_791,0
Real Life Violence Dataset\Violence\V_864,1
Real Life Violence Dataset\Violence\V_797,1
Real Life Violence Dataset\Violence\V_813,1
Real Life Violence Dataset\NonViolence\NV_111,0
real life violence situations\Real Life Violence Dataset\NonViolence\NV_271,0
real life violence situations\Real Life Violence Dataset\Violence\V_236,1
Real Life Violence Dataset\NonViolence\NV_547,0
real life violence situations\Real Life Violence Dataset\Violence\V_886,1
Real Life Violence Dataset\NonViolence\NV_231,0
real life violence situations\Real Life Violence Dataset\NonViolence\NV_231,0
real life violence situations\Real Life Violence Dataset\NonViolence\NV_81,0
real life violence situations\Real Life Violence Dataset\Violence\V_16,1
Real Life Violence Dataset\NonViolence\NV_672,0
Real Life Violence Dataset\NonViolence\NV_709,0
real life violence situations\Real Life Violence Dataset\Violence\V_736,1
Real Life Violence Dataset\NonViolence\NV_279,0
Real Life Violence Dataset\Violence\V_562,1
real life violence situations\Real Life Violence Dataset\Violence\V_943,1
Real Life Violence Dataset\Violence\V_440,1
Real Life Violence Dataset\Violence\V_46,1
real life violence situations\Real Life Violence Dataset\Violence\V_794,1
Real Life Violence Dataset\Violence\V_466,1
real life violence situations\Real Life Violence Dataset\Violence\V_123,1
real life violence situations\Real Life Violence Dataset\Violence\V_631,1
Real Life Violence Dataset\Violence\V_176,1
real life violence situations\Real Life Violence Dataset\Violence\V_474,1
Real Life Violence Dataset\Violence\V_456,1
real life violence situations\Real Life Violence Dataset\NonViolence\NV_101,0
real life violence situations\Real Life Violence Dataset\NonViolence\NV_638,0
real life violence situations\Real Life Violence Dataset\NonViolence\NV_543,0
real life violence situations\Real Life Violence Dataset\NonViolence\NV_349,0
Real Life Violence Dataset\Violence\V_636,1
Real Life Violence Dataset\Violence\V_112,1
Real Life Violence Dataset\Violence\V_459,1
real life violence situations\Real Life Violence Dataset\NonViolence\NV_327,0
real life violence situations\Real Life Violence Dataset\Violence\V_200,1
real life violence situations\Real Life Violence Dataset\NonViolence\NV_724,0
Real Life Violence Dataset\Violence\V_334,1
Real Life Violence Dataset\Violence\V_464,1
real life violence situations\Real Life Violence Dataset\NonViolence\NV_757,0
real life violence situations\Real Life Violence Dataset\Violence\V_511,1
Real Life Violence Dataset\Violence\V_232,1
Real Life Violence Dataset\NonViolence\NV_814,0
Real Life Violence Dataset\NonViolence\NV_462,0
Real Life Violence Dataset\Violence\V_843,1
real life violence situations\Real Life Violence Dataset\Violence\V_792,1
real life violence situations\Real Life Violence Dataset\Violence\V_284,1
real life violence situations\Real Life Violence Dataset\Violence\V_634,1
Real Life Violence Dataset\Violence\V_449,1
real life violence situations\Real Life Violence Dataset\Violence\V_461,1
Real Life Violence Dataset\NonViolence\NV_201,0
real life violence situations\Real Life Violence Dataset\NonViolence\NV_244,0
real life violence situations\Real Life Violence Dataset\Violence\V_858,1
Real Life Violence Dataset\Violence\V_696,1
Real Life Violence Dataset\Violence\V_570,1
real life violence situations\Real Life Violence Dataset\NonViolence\NV_877,0
Real Life Violence Dataset\NonViolence\NV_846,0
Real Life Violence Dataset\Violence\V_870,1
real life violence situations\Real Life Violence Dataset\NonViolence\NV_994,0
Real Life Violence Dataset\NonViolence\NV_725,0
Real Life Violence Dataset\Violence\V_160,1
Real Life Violence Dataset\Violence\V_178,1
Real Life Violence Dataset\Violence\V_19,1
Real Life Violence Dataset\NonViolence\NV_541,0
real life violence situations\Real Life Violence Dataset\Violence\V_666,1
Real Life Violence Dataset\Violence\V_244,1
Real Life Violence Dataset\Violence\V_250,1
Real Life Violence Dataset\NonViolence\NV_225,0
Real Life Violence Dataset\Violence\V_763,1
real life violence situations\Real Life Violence Dataset\Violence\V_959,1
Real Life Violence Dataset\Violence\V_660,1
Real Life Violence Dataset\NonViolence\NV_960,0
Real Life Violence Dataset\NonViolence\NV_623,0
Real Life Violence Dataset\NonViolence\NV_425,0
real life violence situations\Real Life Violence Dataset\Violence\V_74,1
Real Life Violence Dataset\NonViolence\NV_212,0
Real Life Violence Dataset\Violence\V_957,1
Real Life Violence Dataset\Violence\V_446,1
Real Life Violence Dataset\Violence\V_390,1
Real Life Violence Dataset\NonViolence\NV_873,0
real life violence situations\Real Life Violence Dataset\Violence\V_306,1
Real Life Violence Dataset\Violence\V_572,1
Real Life Violence Dataset\NonViolence\NV_566,0
Real Life Violence Dataset\NonViolence\NV_184,0
Real Life Violence Dataset\Violence\V_901,1
Real Life Violence Dataset\NonViolence\NV_147,0
Real Life Violence Dataset\NonViolence\NV_187,0
real life violence situations\Real Life Violence Dataset\Violence\V_645,1
Real Life Violence Dataset\NonViolence\NV_917,0
real life violence situations\Real Life Violence Dataset\NonViolence\NV_981,0
Real Life Violence Dataset\Violence\V_496,1
Real Life Violence Dataset\Violence\V_933,1
real life violence situations\Real Life Violence Dataset\Violence\V_260,1
Real Life Violence Dataset\Violence\V_571,1
real life violence situations\Real Life Violence Dataset\NonViolence\NV_186,0
Real Life Violence Dataset\NonViolence\NV_924,0
Real Life Violence Dataset\Violence\V_319,1
real life violence situations\Real Life Violence Dataset\NonViolence\NV_448,0
Real Life Violence Dataset\Violence\V_371,1
Real Life Violence Dataset\NonViolence\NV_967,0
real life violence situations\Real Life Violence Dataset\Violence\V_395,1
real life violence situations\Real Life Violence Dataset\Violence\V_398,1
real life violence situations\Real Life Violence Dataset\Violence\V_733,1
Real Life Violence Dataset\Violence\V_551,1
real life violence situations\Real Life Violence Dataset\Violence\V_754,1
Real Life Violence Dataset\NonViolence\NV_372,0
Real Life Violence Dataset\NonViolence\NV_590,0
Real Life Violence Dataset\NonViolence\NV_837,0
Real Life Violence Dataset\NonViolence\NV_154,0
Real Life Violence Dataset\Violence\V_857,1
real life violence situations\Real Life Violence Dataset\NonViolence\NV_117,0
real life violence situations\Real Life Violence Dataset\NonViolence\NV_534,0
real life violence situations\Real Life Violence Dataset\Violence\V_579,1
Real Life Violence Dataset\Violence\V_811,1
real life violence situations\Real Life Violence Dataset\NonViolence\NV_582,0
Real Life Violence Dataset\NonViolence\NV_911,0
Real Life Violence Dataset\Violence\V_227,1
real life violence situations\Real Life Violence Dataset\Violence\V_171,1
real life violence situations\Real Life Violence Dataset\Violence\V_783,1
Real Life Violence Dataset\Violence\V_283,1
Real Life Violence Dataset\Violence\V_412,1
real life violence situations\Real Life Violence Dataset\Violence\V_815,1
real life violence situations\Real Life Violence Dataset\Violence\V_677,1
Real Life Violence Dataset\NonViolence\NV_90,0
Real Life Violence Dataset\NonViolence\NV_586,0
real life violence situations\Real Life Violence Dataset\NonViolence\NV_199,0
real life violence situations\Real Life Violence Dataset\NonViolence\NV_787,0
real life violence situations\Real Life Violence Dataset\NonViolence\NV_304,0
real life violence situations\Real Life Violence Dataset\Violence\V_4,1
real life violence situations\Real Life Violence Dataset\NonViolence\NV_131,0
Real Life Violence Dataset\NonViolence\NV_336,0
Real Life Violence Dataset\NonViolence\NV_40,0
real life violence situations\Real Life Violence Dataset\Violence\V_378,1
real life violence situations\Real Life Violence Dataset\Violence\V_287,1
Real Life Violence Dataset\NonViolence\NV_661,0
real life violence situations\Real Life Violence Dataset\NonViolence\NV_833,0
Real Life Violence Dataset\NonViolence\NV_872,0
real life violence situations\Real Life Violence Dataset\NonViolence\NV_561,0
Real Life Violence Dataset\NonViolence\NV_989,0
real life violence situations\Real Life Violence Dataset\Violence\V_577,1
real life violence situations\Real Life Violence Dataset\NonViolence\NV_635,0
Real Life Violence Dataset\NonViolence\NV_562,0
real life violence situations\Real Life Violence Dataset\NonViolence\NV_103,0
real life violence situations\Real Life Violence Dataset\Violence\V_567,1
Real Life Violence Dataset\Violence\V_247,1
Real Life Violence Dataset\Violence\V_815,1
Real Life Violence Dataset\NonViolence\NV_839,0
Real Life Violence Dataset\Violence\V_902,1
Real Life Violence Dataset\NonViolence\NV_47,0
Real Life Violence Dataset\Violence\V_321,1
real life violence situations\Real Life Violence Dataset\Violence\V_772,1
Real Life Violence Dataset\Violence\V_878,1
Real Life Violence Dataset\Violence\V_784,1
real life violence situations\Real Life Violence Dataset\Violence\V_881,1
real life violence situations\Real Life Violence Dataset\NonViolence\NV_298,0
real life violence situations\Real Life Violence Dataset\Violence\V_441,1
real life violence situations\Real Life Violence Dataset\NonViolence\NV_549,0
Real Life Violence Dataset\Violence\V_141,1
real life violence situations\Real Life Violence Dataset\Violence\V_47,1
real life violence situations\Real Life Violence Dataset\NonViolence\NV_108,0
real life violence situations\Real Life Violence Dataset\NonViolence\NV_246,0
Real Life Violence Dataset\NonViolence\NV_419,0
Real Life Violence Dataset\Violence\V_17,1
Real Life Violence Dataset\NonViolence\NV_38,0
real life violence situations\Real Life Violence Dataset\Violence\V_970,1
Real Life Violence Dataset\NonViolence\NV_901,0
real life violence situations\Real Life Violence Dataset\NonViolence\NV_766,0
Real Life Violence Dataset\Violence\V_803,1
real life violence situations\Real Life Violence Dataset\Violence\V_990,1
Real Life Violence Dataset\NonViolence\NV_12,0
Real Life Violence Dataset\NonViolence\NV_46,0
Real Life Violence Dataset\NonViolence\NV_504,0
real life violence situations\Real Life Violence Dataset\NonViolence\NV_708,0
Real Life Violence Dataset\NonViolence\NV_931,0
real life violence situations\Real Life Violence Dataset\NonViolence\NV_178,0
Real Life Violence Dataset\NonViolence\NV_746,0
real life violence situations\Real Life Violence Dataset\NonViolence\NV_53,0
Real Life Violence Dataset\NonViolence\NV_699,0
real life violence situations\Real Life Violence Dataset\NonViolence\NV_172,0
Real Life Violence Dataset\NonViolence\NV_478,0
real life violence situations\Real Life Violence Dataset\Violence\V_862,1
Real Life Violence Dataset\Violence\V_208,1
Real Life Violence Dataset\Violence\V_910,1
Real Life Violence Dataset\Violence\V_324,1
real life violence situations\Real Life Violence Dataset\NonViolence\NV_47,0
Real Life Violence Dataset\NonViolence\NV_45,0
Real Life Violence Dataset\NonViolence\NV_7,0
real life violence situations\Real Life Violence Dataset\Violence\V_690,1
Real Life Violence Dataset\Violence\V_972,1
Real Life Violence Dataset\Violence\V_28,1
Real Life Violence Dataset\NonViolence\NV_713,0
Real Life Violence Dataset\NonViolence\NV_100,0
real life violence situations\Real Life Violence Dataset\NonViolence\NV_747,0
real life violence situations\Real Life Violence Dataset\NonViolence\NV_88,0
Real Life Violence Dataset\Violence\V_893,1
Real Life Violence Dataset\Violence\V_325,1
Real Life Violence Dataset\Violence\V_615,1
Real Life Violence Dataset\Violence\V_299,1
Real Life Violence Dataset\Violence\V_682,1
Real Life Violence Dataset\NonViolence\NV_476,0
real life violence situations\Real Life Violence Dataset\Violence\V_571,1
Real Life Violence Dataset\NonViolence\NV_260,0
Real Life Violence Dataset\NonViolence\NV_250,0
real life violence situations\Real Life Violence Dataset\Violence\V_415,1
Real Life Violence Dataset\NonViolence\NV_869,0
real life violence situations\Real Life Violence Dataset\Violence\V_224,1
Real Life Violence Dataset\NonViolence\NV_998,0
Real Life Violence Dataset\Violence\V_627,1
Real Life Violence Dataset\NonViolence\NV_951,0
real life violence situations\Real Life Violence Dataset\NonViolence\NV_360,0
real life violence situations\Real Life Violence Dataset\NonViolence\NV_920,0
real life violence situations\Real Life Violence Dataset\Violence\V_901,1
Real Life Violence Dataset\Violence\V_304,1
real life violence situations\Real Life Violence Dataset\NonViolence\NV_768,0
real life violence situations\Real Life Violence Dataset\NonViolence\NV_759,0
Real Life Violence Dataset\Violence\V_755,1
Real Life Violence Dataset\NonViolence\NV_148,0
real life violence situations\Real Life Violence Dataset\NonViolence\NV_988,0
real life violence situations\Real Life Violence Dataset\NonViolence\NV_160,0
Real Life Violence Dataset\Violence\V_750,1
Real Life Violence Dataset\NonViolence\NV_641,0
real life violence situations\Real Life Violence Dataset\NonViolence\NV_69,0
Real Life Violence Dataset\NonViolence\NV_424,0
Real Life Violence Dataset\Violence\V_977,1
real life violence situations\Real Life Violence Dataset\NonViolence\NV_908,0
real life violence situations\Real Life Violence Dataset\NonViolence\NV_220,0
real life violence situations\Real Life Violence Dataset\Violence\V_275,1
real life violence situations\Real Life Violence Dataset\Violence\V_753,1
Real Life Violence Dataset\Violence\V_612,1
Real Life Violence Dataset\Violence\V_872,1
real life violence situations\Real Life Violence Dataset\Violence\V_678,1
Real Life Violence Dataset\NonViolence\NV_97,0
real life violence situations\Real Life Violence Dataset\Violence\V_449,1
real life violence situations\Real Life Violence Dataset\NonViolence\NV_35,0
Real Life Violence Dataset\Violence\V_712,1
Real Life Violence Dataset\Violence\V_969,1
real life violence situations\Real Life Violence Dataset\Violence\V_599,1
Real Life Violence Dataset\Violence\V_447,1
Real Life Violence Dataset\NonViolence\NV_756,0
real life violence situations\Real Life Violence Dataset\Violence\V_151,1
Real Life Violence Dataset\NonViolence\NV_230,0
real life violence situations\Real Life Violence Dataset\Violence\V_305,1
real life violence situations\Real Life Violence Dataset\Violence\V_280,1
real life violence situations\Real Life Violence Dataset\NonViolence\NV_542,0
real life violence situations\Real Life Violence Dataset\Violence\V_302,1
real life violence situations\Real Life Violence Dataset\Violence\V_691,1
Real Life Violence Dataset\Violence\V_602,1
real life violence situations\Real Life Violence Dataset\Violence\V_410,1
real life violence situations\Real Life Violence Dataset\NonViolence\NV_646,0
Real Life Violence Dataset\Violence\V_593,1
Real Life Violence Dataset\Violence\V_611,1
Real Life Violence Dataset\NonViolence\NV_765,0
Real Life Violence Dataset\Violence\V_190,1
Real Life Violence Dataset\NonViolence\NV_392,0
real life violence situations\Real Life Violence Dataset\NonViolence\NV_522,0
real life violence situations\Real Life Violence Dataset\Violence\V_619,1
Real Life Violence Dataset\Violence\V_204,1
Real Life Violence Dataset\Violence\V_454,1
real life violence situations\Real Life Violence Dataset\Violence\V_126,1
real life violence situations\Real Life Violence Dataset\Violence\V_211,1
real life violence situations\Real Life Violence Dataset\NonViolence\NV_19,0
real life violence situations\Real Life Violence Dataset\Violence\V_58,1
real life violence situations\Real Life Violence Dataset\NonViolence\NV_997,0
real life violence situations\Real Life Violence Dataset\Violence\V_207,1
Real Life Violence Dataset\Violence\V_568,1
real life violence situations\Real Life Violence Dataset\NonViolence\NV_261,0
real life violence situations\Real Life Violence Dataset\Violence\V_922,1
Real Life Violence Dataset\NonViolence\NV_101,0
real life violence situations\Real Life Violence Dataset\NonViolence\NV_358,0
Real Life Violence Dataset\NonViolence\NV_752,0
Real Life Violence Dataset\Violence\V_973,1
Real Life Violence Dataset\NonViolence\NV_954,0
real life violence situations\Real Life Violence Dataset\NonViolence\NV_460,0
real life violence situations\Real Life Violence Dataset\NonViolence\NV_701,0
Real Life Violence Dataset\Violence\V_944,1
real life violence situations\Real Life Violence Dataset\Violence\V_138,1
Real Life Violence Dataset\NonViolence\NV_975,0
Real Life Violence Dataset\Violence\V_891,1
Real Life Violence Dataset\NonViolence\NV_640,0
real life violence situations\Real Life Violence Dataset\Violence\V_136,1
real life violence situations\Real Life Violence Dataset\Violence\V_718,1
real life violence situations\Real Life Violence Dataset\Violence\V_863,1
Real Life Violence Dataset\NonViolence\NV_966,0
real life violence situations\Real Life Violence Dataset\Violence\V_727,1
Real Life Violence Dataset\NonViolence\NV_635,0
Real Life Violence Dataset\NonViolence\NV_611,0
Real Life Violence Dataset\Violence\V_216,1
Real Life Violence Dataset\Violence\V_151,1
real life violence situations\Real Life Violence Dataset\Violence\V_563,1
Real Life Violence Dataset\Violence\V_235,1
real life violence situations\Real Life Violence Dataset\Violence\V_208,1
real life violence situations\Real Life Violence Dataset\Violence\V_859,1
Real Life Violence Dataset\Violence\V_918,1
real life violence situations\Real Life Violence Dataset\Violence\V_832,1
Real Life Violence Dataset\NonViolence\NV_642,0
Real Life Violence Dataset\Violence\V_56,1
real life violence situations\Real Life Violence Dataset\NonViolence\NV_826,0
real life violence situations\Real Life Violence Dataset\NonViolence\NV_917,0
Real Life Violence Dataset\NonViolence\NV_282,0
Real Life Violence Dataset\Violence\V_128,1
Real Life Violence Dataset\NonViolence\NV_163,0
real life violence situations\Real Life Violence Dataset\NonViolence\NV_958,0
real life violence situations\Real Life Violence Dataset\Violence\V_225,1
Real Life Violence Dataset\NonViolence\NV_700,0
Real Life Violence Dataset\Violence\V_508,1
real life violence situations\Real Life Violence Dataset\Violence\V_239,1
real life violence situations\Real Life Violence Dataset\Violence\V_109,1
real life violence situations\Real Life Violence Dataset\Violence\V_866,1
real life violence situations\Real Life Violence Dataset\NonViolence\NV_488,0
Real Life Violence Dataset\NonViolence\NV_42,0
Real Life Violence Dataset\Violence\V_875,1
real life violence situations\Real Life Violence Dataset\Violence\V_159,1
Real Life Violence Dataset\Violence\V_884,1
Real Life Violence Dataset\Violence\V_110,1
real life violence situations\Real Life Violence Dataset\NonViolence\NV_521,0
real life violence situations\Real Life Violence Dataset\Violence\V_81,1
Real Life Violence Dataset\Violence\V_567,1
real life violence situations\Real Life Violence Dataset\NonViolence\NV_239,0
Real Life Violence Dataset\Violence\V_475,1
Real Life Violence Dataset\Violence\V_683,1
real life violence situations\Real Life Violence Dataset\Violence\V_11,1
real life violence situations\Real Life Violence Dataset\Violence\V_356,1
Real Life Violence Dataset\NonViolence\NV_519,0
real life violence situations\Real Life Violence Dataset\Violence\V_457,1
real life violence situations\Real Life Violence Dataset\NonViolence\NV_184,0
Real Life Violence Dataset\NonViolence\NV_996,0
Real Life Violence Dataset\Violence\V_374,1
Real Life Violence Dataset\Violence\V_708,1
real life violence situations\Real Life Violence Dataset\Violence\V_343,1
Real Life Violence Dataset\Violence\V_404,1
Real Life Violence Dataset\Violence\V_982,1
real life violence situations\Real Life Violence Dataset\NonViolence\NV_545,0
real life violence situations\Real Life Violence Dataset\NonViolence\NV_667,0
real life violence situations\Real Life Violence Dataset\Violence\V_638,1
real life violence situations\Real Life Violence Dataset\NonViolence\NV_901,0
real life violence situations\Real Life Violence Dataset\NonViolence\NV_962,0
real life violence situations\Real Life Violence Dataset\Violence\V_110,1
Real Life Violence Dataset\Violence\V_53,1
Real Life Violence Dataset\Violence\V_680,1
Real Life Violence Dataset\NonViolence\NV_570,0
real life violence situations\Real Life Violence Dataset\Violence\V_222,1
Real Life Violence Dataset\NonViolence\NV_236,0
real life violence situations\Real Life Violence Dataset\Violence\V_768,1
Real Life Violence Dataset\Violence\V_147,1
Real Life Violence Dataset\NonViolence\NV_85,0
real life violence situations\Real Life Violence Dataset\Violence\V_719,1
real life violence situations\Real Life Violence Dataset\NonViolence\NV_873,0
Real Life Violence Dataset\Violence\V_133,1
real life violence situations\Real Life Violence Dataset\Violence\V_740,1
Real Life Violence Dataset\Violence\V_64,1
Real Life Violence Dataset\NonViolence\NV_136,0
Real Life Violence Dataset\Violence\V_962,1
Real Life Violence Dataset\Violence\V_55,1
Real Life Violence Dataset\Violence\V_405,1
Real Life Violence Dataset\Violence\V_395,1
real life violence situations\Real Life Violence Dataset\NonViolence\NV_921,0
real life violence situations\Real Life Violence Dataset\NonViolence\NV_996,0
real life violence situations\Real Life Violence Dataset\Violence\V_475,1
Real Life Violence Dataset\Violence\V_516,1
Real Life Violence Dataset\Violence\V_526,1
Real Life Violence Dataset\Violence\V_960,1
real life violence situations\Real Life Violence Dataset\Violence\V_568,1
Real Life Violence Dataset\Violence\V_649,1
real life violence situations\Real Life Violence Dataset\NonViolence\NV_469,0
real life violence situations\Real Life Violence Dataset\Violence\V_771,1
Real Life Violence Dataset\Violence\V_980,1
Real Life Violence Dataset\NonViolence\NV_344,0
real life violence situations\Real Life Violence Dataset\NonViolence\NV_147,0
real life violence situations\Real Life Violence Dataset\Violence\V_751,1
Real Life Violence Dataset\NonViolence\NV_613,0
real life violence situations\Real Life Violence Dataset\Violence\V_167,1
Real Life Violence Dataset\Violence\V_47,1
real life violence situations\Real Life Violence Dataset\NonViolence\NV_890,0
Real Life Violence Dataset\NonViolence\NV_636,0
Real Life Violence Dataset\NonViolence\NV_826,0
Real Life Violence Dataset\Violence\V_378,1
Real Life Violence Dataset\Violence\V_871,1
Real Life Violence Dataset\NonViolence\NV_900,0
real life violence situations\Real Life Violence Dataset\Violence\V_907,1
real life violence situations\Real Life Violence Dataset\NonViolence\NV_773,0
Real Life Violence Dataset\NonViolence\NV_624,0
Real Life Violence Dataset\NonViolence\NV_423,0
real life violence situations\Real Life Violence Dataset\NonViolence\NV_547,0
Real Life Violence Dataset\Violence\V_948,1
Real Life Violence Dataset\Violence\V_432,1
real life violence situations\Real Life Violence Dataset\NonViolence\NV_328,0
Real Life Violence Dataset\Violence\V_73,1
real life violence situations\Real Life Violence Dataset\Violence\V_90,1
Real Life Violence Dataset\NonViolence\NV_646,0
real life violence situations\Real Life Violence Dataset\Violence\V_808,1
real life violence situations\Real Life Violence Dataset\NonViolence\NV_807,0
Real Life Violence Dataset\NonViolence\NV_288,0
Real Life Violence Dataset\NonViolence\NV_362,0
Real Life Violence Dataset\NonViolence\NV_887,0
real life violence situations\Real Life Violence Dataset\Violence\V_344,1
real life violence situations\Real Life Violence Dataset\Violence\V_812,1
Real Life Violence Dataset\NonViolence\NV_801,0
Real Life Violence Dataset\NonViolence\NV_374,0
Real Life Violence Dataset\Violence\V_653,1
Real Life Violence Dataset\NonViolence\NV_48,0
Real Life Violence Dataset\NonViolence\NV_331,0
Real Life Violence Dataset\Violence\V_290,1
real life violence situations\Real Life Violence Dataset\NonViolence\NV_168,0
Real Life Violence Dataset\NonViolence\NV_554,0
real life violence situations\Real Life Violence Dataset\NonViolence\NV_5,0
Real Life Violence Dataset\NonViolence\NV_799,0
real life violence situations\Real Life Violence Dataset\NonViolence\NV_956,0
real life violence situations\Real Life Violence Dataset\NonViolence\NV_346,0
real life violence situations\Real Life Violence Dataset\NonViolence\NV_324,0
real life violence situations\Real Life Violence Dataset\Violence\V_572,1
real life violence situations\Real Life Violence Dataset\NonViolence\NV_171,0
real life violence situations\Real Life Violence Dataset\Violence\V_537,1
real life violence situations\Real Life Violence Dataset\NonViolence\NV_400,0
Real Life Violence Dataset\Violence\V_80,1
real life violence situations\Real Life Violence Dataset\Violence\V_97,1
Real Life Violence Dataset\Violence\V_824,1
Real Life Violence Dataset\Violence\V_927,1
Real Life Violence Dataset\Violence\V_70,1
Real Life Violence Dataset\Violence\V_905,1
real life violence situations\Real Life Violence Dataset\Violence\V_985,1
real life violence situations\Real Life Violence Dataset\Violence\V_274,1
real life violence situations\Real Life Violence Dataset\Violence\V_117,1
real life violence situations\Real Life Violence Dataset\NonViolence\NV_827,0
Real Life Violence Dataset\NonViolence\NV_89,0
real life violence situations\Real Life Violence Dataset\NonViolence\NV_774,0
real life violence situations\Real Life Violence Dataset\Violence\V_704,1
real life violence situations\Real Life Violence Dataset\NonViolence\NV_755,0
Real Life Violence Dataset\NonViolence\NV_782,0
real life violence situations\Real Life Violence Dataset\Violence\V_841,1
real life violence situations\Real Life Violence Dataset\Violence\V_444,1
Real Life Violence Dataset\NonViolence\NV_526,0
real life violence situations\Real Life Violence Dataset\Violence\V_600,1
Real Life Violence Dataset\NonViolence\NV_177,0
Real Life Violence Dataset\NonViolence\NV_953,0
real life violence situations\Real Life Violence Dataset\Violence\V_376,1
real life violence situations\Real Life Violence Dataset\Violence\V_659,1
real life violence situations\Real Life Violence Dataset\Violence\V_995,1
real life violence situations\Real Life Violence Dataset\NonViolence\NV_307,0
Real Life Violence Dataset\NonViolence\NV_126,0
real life violence situations\Real Life Violence Dataset\Violence\V_278,1
Real Life Violence Dataset\NonViolence\NV_864,0
Real Life Violence Dataset\Violence\V_898,1
real life violence situations\Real Life Violence Dataset\Violence\V_671,1
real life violence situations\Real Life Violence Dataset\Violence\V_98,1
Real Life Violence Dataset\Violence\V_801,1
Real Life Violence Dataset\Violence\V_26,1
Real Life Violence Dataset\NonViolence\NV_224,0
Real Life Violence Dataset\Violence\V_668,1
real life violence situations\Real Life Violence Dataset\Violence\V_533,1
real life violence situations\Real Life Violence Dataset\Violence\V_981,1
real life violence situations\Real Life Violence Dataset\Violence\V_527,1
real life violence situations\Real Life Violence Dataset\Violence\V_980,1
real life violence situations\Real Life Violence Dataset\NonViolence\NV_287,0
real life violence situations\Real Life Violence Dataset\Violence\V_226,1
Real Life Violence Dataset\NonViolence\NV_687,0
Real Life Violence Dataset\NonViolence\NV_2,0
real life violence situations\Real Life Violence Dataset\NonViolence\NV_918,0
Real Life Violence Dataset\NonViolence\NV_69,0
Real Life Violence Dataset\Violence\V_175,1
real life violence situations\Real Life Violence Dataset\NonViolence\NV_300,0
Real Life Violence Dataset\Violence\V_210,1
Real Life Violence Dataset\NonViolence\NV_320,0
real life violence situations\Real Life Violence Dataset\NonViolence\NV_215,0
Real Life Violence Dataset\NonViolence\NV_542,0
Real Life Violence Dataset\NonViolence\NV_742,0
Real Life Violence Dataset\NonViolence\NV_679,0
Real Life Violence Dataset\NonViolence\NV_415,0
real life violence situations\Real Life Violence Dataset\NonViolence\NV_955,0
real life violence situations\Real Life Violence Dataset\Violence\V_49,1
Real Life Violence Dataset\NonViolence\NV_706,0
Real Life Violence Dataset\Violence\V_541,1
real life violence situations\Real Life Violence Dataset\NonViolence\NV_941,0
real life violence situations\Real Life Violence Dataset\Violence\V_108,1
Real Life Violence Dataset\NonViolence\NV_841,0
real life violence situations\Real Life Violence Dataset\NonViolence\NV_634,0
real life violence situations\Real Life Violence Dataset\NonViolence\NV_953,0
Real Life Violence Dataset\NonViolence\NV_502,0
Real Life Violence Dataset\NonViolence\NV_81,0
real life violence situations\Real Life Violence Dataset\NonViolence\NV_740,0
real life violence situations\Real Life Violence Dataset\Violence\V_703,1
real life violence situations\Real Life Violence Dataset\Violence\V_935,1
real life violence situations\Real Life Violence Dataset\NonViolence\NV_208,0
real life violence situations\Real Life Violence Dataset\Violence\V_422,1
real life violence situations\Real Life Violence Dataset\Violence\V_220,1
real life violence situations\Real Life Violence Dataset\Violence\V_310,1
Real Life Violence Dataset\Violence\V_257,1
real life violence situations\Real Life Violence Dataset\NonViolence\NV_856,0
real life violence situations\Real Life Violence Dataset\Violence\V_698,1
real life violence situations\Real Life Violence Dataset\Violence\V_993,1
real life violence situations\Real Life Violence Dataset\NonViolence\NV_529,0
Real Life Violence Dataset\Violence\V_601,1
Real Life Violence Dataset\NonViolence\NV_626,0
real life violence situations\Real Life Violence Dataset\Violence\V_35,1
Real Life Violence Dataset\NonViolence\NV_369,0
real life violence situations\Real Life Violence Dataset\NonViolence\NV_132,0
real life violence situations\Real Life Violence Dataset\Violence\V_78,1
Real Life Violence Dataset\NonViolence\NV_76,0
real life violence situations\Real Life Violence Dataset\Violence\V_516,1
Real Life Violence Dataset\NonViolence\NV_226,0
real life violence situations\Real Life Violence Dataset\NonViolence\NV_985,0
Real Life Violence Dataset\NonViolence\NV_596,0
Real Life Violence Dataset\Violence\V_830,1
Real Life Violence Dataset\NonViolence\NV_859,0
real life violence situations\Real Life Violence Dataset\Violence\V_582,1
Real Life Violence Dataset\NonViolence\NV_936,0
Real Life Violence Dataset\NonViolence\NV_796,0
Real Life Violence Dataset\Violence\V_810,1
Real Life Violence Dataset\Violence\V_543,1
real life violence situations\Real Life Violence Dataset\Violence\V_373,1
Real Life Violence Dataset\NonViolence\NV_920,0
Real Life Violence Dataset\Violence\V_504,1
Real Life Violence Dataset\Violence\V_707,1
real life violence situations\Real Life Violence Dataset\NonViolence\NV_931,0
Real Life Violence Dataset\Violence\V_800,1
Real Life Violence Dataset\NonViolence\NV_267,0
real life violence situations\Real Life Violence Dataset\NonViolence\NV_339,0
real life violence situations\Real Life Violence Dataset\Violence\V_606,1
real life violence situations\Real Life Violence Dataset\NonViolence\NV_952,0
real life violence situations\Real Life Violence Dataset\Violence\V_834,1
Real Life Violence Dataset\Violence\V_85,1
real life violence situations\Real Life Violence Dataset\Violence\V_323,1
real life violence situations\Real Life Violence Dataset\NonViolence\NV_115,0
Real Life Violence Dataset\NonViolence\NV_487,0
Real Life Violence Dataset\Violence\V_698,1
real life violence situations\Real Life Violence Dataset\Violence\V_876,1
real life violence situations\Real Life Violence Dataset\NonViolence\NV_342,0
real life violence situations\Real Life Violence Dataset\NonViolence\NV_459,0
real life violence situations\Real Life Violence Dataset\NonViolence\NV_133,0
Real Life Violence Dataset\Violence\V_659,1
Real Life Violence Dataset\NonViolence\NV_591,0
Real Life Violence Dataset\NonViolence\NV_715,0
Real Life Violence Dataset\NonViolence\NV_202,0
Real Life Violence Dataset\Violence\V_598,1
Real Life Violence Dataset\NonViolence\NV_576,0
Real Life Violence Dataset\NonViolence\NV_867,0
Real Life Violence Dataset\Violence\V_841,1
Real Life Violence Dataset\NonViolence\NV_669,0
Real Life Violence Dataset\Violence\V_780,1
Real Life Violence Dataset\Violence\V_436,1
real life violence situations\Real Life Violence Dataset\NonViolence\NV_39,0
Real Life Violence Dataset\Violence\V_528,1
Real Life Violence Dataset\NonViolence\NV_204,0
real life violence situations\Real Life Violence Dataset\Violence\V_868,1
Real Life Violence Dataset\Violence\V_914,1
Real Life Violence Dataset\Violence\V_729,1
real life violence situations\Real Life Violence Dataset\Violence\V_483,1
Real Life Violence Dataset\NonViolence\NV_131,0
real life violence situations\Real Life Violence Dataset\NonViolence\NV_100,0
real life violence situations\Real Life Violence Dataset\NonViolence\NV_2,0
real life violence situations\Real Life Violence Dataset\Violence\V_940,1
Real Life Violence Dataset\Violence\V_607,1
real life violence situations\Real Life Violence Dataset\NonViolence\NV_330,0
real life violence situations\Real Life Violence Dataset\NonViolence\NV_651,0
real life violence situations\Real Life Violence Dataset\Violence\V_128,1
Real Life Violence Dataset\NonViolence\NV_693,0
real life violence situations\Real Life Violence Dataset\NonViolence\NV_310,0
real life violence situations\Real Life Violence Dataset\NonViolence\NV_961,0
Real Life Violence Dataset\Violence\V_664,1
Real Life Violence Dataset\NonViolence\NV_604,0
Real Life Violence Dataset\Violence\V_315,1
Real Life Violence Dataset\Violence\V_42,1
Real Life Violence Dataset\Violence\V_585,1
Real Life Violence Dataset\Violence\V_950,1
Real Life Violence Dataset\Violence\V_201,1
Real Life Violence Dataset\NonViolence\NV_142,0
Real Life Violence Dataset\NonViolence\NV_850,0
Real Life Violence Dataset\NonViolence\NV_762,0
real life violence situations\Real Life Violence Dataset\Violence\V_170,1
Real Life Violence Dataset\Violence\V_87,1
Real Life Violence Dataset\Violence\V_163,1
Real Life Violence Dataset\Violence\V_554,1
real life violence situations\Real Life Violence Dataset\NonViolence\NV_1,0
real life violence situations\Real Life Violence Dataset\NonViolence\NV_992,0
Real Life Violence Dataset\Violence\V_916,1
real life violence situations\Real Life Violence Dataset\NonViolence\NV_818,0
real life violence situations\Real Life Violence Dataset\Violence\V_569,1
Real Life Violence Dataset\Violence\V_8,1
real life violence situations\Real Life Violence Dataset\Violence\V_186,1
real life violence situations\Real Life Violence Dataset\NonViolence\NV_878,0
real life violence situations\Real Life Violence Dataset\NonViolence\NV_726,0
real life violence situations\Real Life Violence Dataset\NonViolence\NV_20,0
real life violence situations\Real Life Violence Dataset\NonViolence\NV_644,0
Real Life Violence Dataset\Violence\V_704,1
Real Life Violence Dataset\Violence\V_426,1
Real Life Violence Dataset\Violence\V_600,1
Real Life Violence Dataset\Violence\V_629,1
real life violence situations\Real Life Violence Dataset\NonViolence\NV_11,0
Real Life Violence Dataset\NonViolence\NV_957,0
real life violence situations\Real Life Violence Dataset\NonViolence\NV_495,0
real life violence situations\Real Life Violence Dataset\NonViolence\NV_986,0
Real Life Violence Dataset\Violence\V_467,1
real life violence situations\Real Life Violence Dataset\Violence\V_330,1
real life violence situations\Real Life Violence Dataset\NonViolence\NV_30,0
real life violence situations\Real Life Violence Dataset\NonViolence\NV_185,0
Real Life Violence Dataset\Violence\V_375,1
real life violence situations\Real Life Violence Dataset\NonViolence\NV_718,0
real life violence situations\Real Life Violence Dataset\Violence\V_25,1
real life violence situations\Real Life Violence Dataset\Violence\V_257,1
Real Life Violence Dataset\Violence\V_867,1
Real Life Violence Dataset\Violence\V_961,1
Real Life Violence Dataset\Violence\V_168,1
Real Life Violence Dataset\NonViolence\NV_60,0
Real Life Violence Dataset\Violence\V_443,1
Real Life Violence Dataset\Violence\V_218,1
Real Life Violence Dataset\Violence\V_655,1
Real Life Violence Dataset\NonViolence\NV_173,0
real life violence situations\Real Life Violence Dataset\NonViolence\NV_630,0
Real Life Violence Dataset\Violence\V_886,1
Real Life Violence Dataset\NonViolence\NV_662,0
Real Life Violence Dataset\NonViolence\NV_525,0
Real Life Violence Dataset\NonViolence\NV_988,0
real life violence situations\Real Life Violence Dataset\Violence\V_9,1
Real Life Violence Dataset\Violence\V_322,1
real life violence situations\Real Life Violence Dataset\Violence\V_464,1
Real Life Violence Dataset\NonViolence\NV_686,0
real life violence situations\Real Life Violence Dataset\Violence\V_443,1
real life violence situations\Real Life Violence Dataset\NonViolence\NV_332,0
real life violence situations\Real Life Violence Dataset\NonViolence\NV_538,0
Real Life Violence Dataset\NonViolence\NV_721,0
real life violence situations\Real Life Violence Dataset\NonViolence\NV_930,0
real life violence situations\Real Life Violence Dataset\Violence\V_430,1
real life violence situations\Real Life Violence Dataset\NonViolence\NV_887,0
Real Life Violence Dataset\NonViolence\NV_618,0
Real Life Violence Dataset\NonViolence\NV_577,0
real life violence situations\Real Life Violence Dataset\NonViolence\NV_316,0
Real Life Violence Dataset\NonViolence\NV_67,0
real life violence situations\Real Life Violence Dataset\NonViolence\NV_359,0
real life violence situations\Real Life Violence Dataset\NonViolence\NV_412,0
real life violence situations\Real Life Violence Dataset\NonViolence\NV_654,0
real life violence situations\Real Life Violence Dataset\NonViolence\NV_785,0
Real Life Violence Dataset\NonViolence\NV_916,0
real life violence situations\Real Life Violence Dataset\NonViolence\NV_589,0
Real Life Violence Dataset\Violence\V_759,1
Real Life Violence Dataset\NonViolence\NV_28,0
Real Life Violence Dataset\NonViolence\NV_744,0
real life violence situations\Real Life Violence Dataset\Violence\V_799,1
real life violence situations\Real Life Violence Dataset\NonViolence\NV_326,0
Real Life Violence Dataset\Violence\V_253,1
real life violence situations\Real Life Violence Dataset\NonViolence\NV_943,0
Real Life Violence Dataset\Violence\V_648,1
Real Life Violence Dataset\NonViolence\NV_895,0
real life violence situations\Real Life Violence Dataset\Violence\V_491,1
Real Life Violence Dataset\NonViolence\NV_535,0
Real Life Violence Dataset\NonViolence\NV_444,0
Real Life Violence Dataset\NonViolence\NV_763,0
real life violence situations\Real Life Violence Dataset\Violence\V_210,1
Real Life Violence Dataset\Violence\V_388,1
Real Life Violence Dataset\Violence\V_239,1
real life violence situations\Real Life Violence Dataset\Violence\V_142,1
Real Life Violence Dataset\NonViolence\NV_968,0
real life violence situations\Real Life Violence Dataset\NonViolence\NV_229,0
Real Life Violence Dataset\NonViolence\NV_99,0
real life violence situations\Real Life Violence Dataset\NonViolence\NV_398,0
Real Life Violence Dataset\NonViolence\NV_94,0
real life violence situations\Real Life Violence Dataset\NonViolence\NV_122,0
Real Life Violence Dataset\NonViolence\NV_218,0
real life violence situations\Real Life Violence Dataset\NonViolence\NV_880,0
real life violence situations\Real Life Violence Dataset\Violence\V_1000,1
Real Life Violence Dataset\Violence\V_502,1
real life violence situations\Real Life Violence Dataset\Violence\V_554,1
Real Life Violence Dataset\Violence\V_399,1
Real Life Violence Dataset\Violence\V_946,1
Real Life Violence Dataset\NonViolence\NV_610,0
Real Life Violence Dataset\NonViolence\NV_77,0
Real Life Violence Dataset\NonViolence\NV_842,0
real life violence situations\Real Life Violence Dataset\Violence\V_854,1
Real Life Violence Dataset\Violence\V_398,1
Real Life Violence Dataset\Violence\V_954,1
Real Life Violence Dataset\Violence\V_416,1
real life violence situations\Real Life Violence Dataset\Violence\V_612,1
Real Life Violence Dataset\Violence\V_994,1
Real Life Violence Dataset\NonViolence\NV_885,0
real life violence situations\Real Life Violence Dataset\NonViolence\NV_111,0
real life violence situations\Real Life Violence Dataset\NonViolence\NV_9,0
real life violence situations\Real Life Violence Dataset\Violence\V_725,1
real life violence situations\Real Life Violence Dataset\NonViolence\NV_765,0
Real Life Violence Dataset\NonViolence\NV_918,0
real life violence situations\Real Life Violence Dataset\Violence\V_902,1
real life violence situations\Real Life Violence Dataset\NonViolence\NV_803,0
Real Life Violence Dataset\Violence\V_327,1
Real Life Violence Dataset\Violence\V_728,1
Real Life Violence Dataset\Violence\V_679,1
Real Life Violence Dataset\NonViolence\NV_492,0
Real Life Violence Dataset\NonViolence\NV_905,0
Real Life Violence Dataset\NonViolence\NV_308,0
real life violence situations\Real Life Violence Dataset\NonViolence\NV_715,0
real life violence situations\Real Life Violence Dataset\Violence\V_657,1
Real Life Violence Dataset\NonViolence\NV_802,0
real life violence situations\Real Life Violence Dataset\Violence\V_865,1
Real Life Violence Dataset\Violence\V_309,1
real life violence situations\Real Life Violence Dataset\NonViolence\NV_977,0
real life violence situations\Real Life Violence Dataset\NonViolence\NV_979,0
real life violence situations\Real Life Violence Dataset\Violence\V_966,1
Real Life Violence Dataset\Violence\V_574,1
real life violence situations\Real Life Violence Dataset\Violence\V_429,1
Real Life Violence Dataset\NonViolence\NV_810,0
Real Life Violence Dataset\NonViolence\NV_84,0
Real Life Violence Dataset\NonViolence\NV_674,0
real life violence situations\Real Life Violence Dataset\Violence\V_137,1
real life violence situations\Real Life Violence Dataset\Violence\V_125,1
real life violence situations\Real Life Violence Dataset\Violence\V_65,1
Real Life Violence Dataset\NonViolence\NV_584,0
Real Life Violence Dataset\NonViolence\NV_401,0
real life violence situations\Real Life Violence Dataset\Violence\V_281,1
real life violence situations\Real Life Violence Dataset\NonViolence\NV_422,0
Real Life Violence Dataset\NonViolence\NV_481,0
real life violence situations\Real Life Violence Dataset\NonViolence\NV_998,0
Real Life Violence Dataset\NonViolence\NV_533,0
Real Life Violence Dataset\Violence\V_532,1
Real Life Violence Dataset\NonViolence\NV_704,0
real life violence situations\Real Life Violence Dataset\Violence\V_115,1
real life violence situations\Real Life Violence Dataset\Violence\V_615,1
Real Life Violence Dataset\NonViolence\NV_17,0
Real Life Violence Dataset\NonViolence\NV_158,0
real life violence situations\Real Life Violence Dataset\Violence\V_742,1
Real Life Violence Dataset\NonViolence\NV_198,0
Real Life Violence Dataset\Violence\V_155,1
real life violence situations\Real Life Violence Dataset\NonViolence\NV_78,0
real life violence situations\Real Life Violence Dataset\NonViolence\NV_642,0
real life violence situations\Real Life Violence Dataset\Violence\V_360,1
real life violence situations\Real Life Violence Dataset\NonViolence\NV_144,0
real life violence situations\Real Life Violence Dataset\NonViolence\NV_188,0
real life violence situations\Real Life Violence Dataset\Violence\V_2,1
real life violence situations\Real Life Violence Dataset\NonViolence\NV_727,0
real life violence situations\Real Life Violence Dataset\NonViolence\NV_974,0
real life violence situations\Real Life Violence Dataset\Violence\V_622,1
Real Life Violence Dataset\Violence\V_195,1
Real Life Violence Dataset\NonViolence\NV_95,0
Real Life Violence Dataset\NonViolence\NV_933,0
Real Life Violence Dataset\Violence\V_453,1
real life violence situations\Real Life Violence Dataset\NonViolence\NV_544,0
real life violence situations\Real Life Violence Dataset\Violence\V_625,1
Real Life Violence Dataset\Violence\V_340,1
Real Life Violence Dataset\Violence\V_926,1
Real Life Violence Dataset\NonViolence\NV_668,0
real life violence situations\Real Life Violence Dataset\NonViolence\NV_601,0
Real Life Violence Dataset\Violence\V_970,1
Real Life Violence Dataset\Violence\V_826,1
Real Life Violence Dataset\NonViolence\NV_874,0
Real Life Violence Dataset\Violence\V_188,1
Real Life Violence Dataset\NonViolence\NV_865,0
real life violence situations\Real Life Violence Dataset\Violence\V_803,1
real life violence situations\Real Life Violence Dataset\NonViolence\NV_382,0
Real Life Violence Dataset\Violence\V_93,1
real life violence situations\Real Life Violence Dataset\Violence\V_583,1
Real Life Violence Dataset\NonViolence\NV_995,0
Real Life Violence Dataset\NonViolence\NV_720,0
real life violence situations\Real Life Violence Dataset\Violence\V_683,1
Real Life Violence Dataset\Violence\V_226,1
real life violence situations\Real Life Violence Dataset\Violence\V_840,1
Real Life Violence Dataset\NonViolence\NV_214,0
real life violence situations\Real Life Violence Dataset\NonViolence\NV_16,0
real life violence situations\Real Life Violence Dataset\NonViolence\NV_632,0
Real Life Violence Dataset\Violence\V_762,1
Real Life Violence Dataset\Violence\V_100,1
Real Life Violence Dataset\Violence\V_310,1
real life violence situations\Real Life Violence Dataset\NonViolence\NV_71,0
real life violence situations\Real Life Violence Dataset\NonViolence\NV_946,0
real life violence situations\Real Life Violence Dataset\NonViolence\NV_551,0
Real Life Violence Dataset\NonViolence\NV_822,0
real life violence situations\Real Life Violence Dataset\Violence\V_348,1
real life violence situations\Real Life Violence Dataset\NonViolence\NV_665,0
real life violence situations\Real Life Violence Dataset\NonViolence\NV_772,0
real life violence situations\Real Life Violence Dataset\NonViolence\NV_370,0
Real Life Violence Dataset\NonViolence\NV_480,0
Real Life Violence Dataset\Violence\V_108,1
Real Life Violence Dataset\Violence\V_796,1
Real Life Violence Dataset\Violence\V_544,1
real life violence situations\Real Life Violence Dataset\NonViolence\NV_180,0
real life violence situations\Real Life Violence Dataset\Violence\V_626,1
real life violence situations\Real Life Violence Dataset\NonViolence\NV_725,0
Real Life Violence Dataset\Violence\V_938,1
Real Life Violence Dataset\Violence\V_557,1
Real Life Violence Dataset\NonViolence\NV_497,0
real life violence situations\Real Life Violence Dataset\Violence\V_739,1
real life violence situations\Real Life Violence Dataset\NonViolence\NV_426,0
real life violence situations\Real Life Violence Dataset\NonViolence\NV_163,0
real life violence situations\Real Life Violence Dataset\NonViolence\NV_130,0
Real Life Violence Dataset\NonViolence\NV_891,0
real life violence situations\Real Life Violence Dataset\Violence\V_791,1
Real Life Violence Dataset\Violence\V_895,1
real life violence situations\Real Life Violence Dataset\Violence\V_489,1
real life violence situations\Real Life Violence Dataset\NonViolence\NV_490,0
real life violence situations\Real Life Violence Dataset\Violence\V_847,1
real life violence situations\Real Life Violence Dataset\Violence\V_597,1
real life violence situations\Real Life Violence Dataset\Violence\V_203,1
real life violence situations\Real Life Violence Dataset\NonViolence\NV_696,0
real life violence situations\Real Life Violence Dataset\Violence\V_628,1
real life violence situations\Real Life Violence Dataset\NonViolence\NV_669,0
Real Life Violence Dataset\NonViolence\NV_546,0
real life violence situations\Real Life Violence Dataset\Violence\V_968,1
real life violence situations\Real Life Violence Dataset\Violence\V_653,1
Real Life Violence Dataset\NonViolence\NV_509,0
real life violence situations\Real Life Violence Dataset\NonViolence\NV_280,0
real life violence situations\Real Life Violence Dataset\NonViolence\NV_379,0
Real Life Violence Dataset\NonViolence\NV_387,0
real life violence situations\Real Life Violence Dataset\Violence\V_270,1
real life violence situations\Real Life Violence Dataset\Violence\V_367,1
real life violence situations\Real Life Violence Dataset\Violence\V_574,1
Real Life Violence Dataset\Violence\V_385,1
real life violence situations\Real Life Violence Dataset\Violence\V_183,1
Real Life Violence Dataset\Violence\V_43,1
Real Life Violence Dataset\NonViolence\NV_325,0
Real Life Violence Dataset\Violence\V_735,1
real life violence situations\Real Life Violence Dataset\NonViolence\NV_568,0
Real Life Violence Dataset\Violence\V_22,1
Real Life Violence Dataset\NonViolence\NV_20,0
real life violence situations\Real Life Violence Dataset\Violence\V_450,1
Real Life Violence Dataset\Violence\V_81,1
real life violence situations\Real Life Violence Dataset\Violence\V_485,1
Real Life Violence Dataset\Violence\V_617,1
Real Life Violence Dataset\NonViolence\NV_740,0
Real Life Violence Dataset\Violence\V_411,1
real life violence situations\Real Life Violence Dataset\NonViolence\NV_519,0
real life violence situations\Real Life Violence Dataset\Violence\V_705,1
Real Life Violence Dataset\Violence\V_492,1
real life violence situations\Real Life Violence Dataset\NonViolence\NV_602,0
real life violence situations\Real Life Violence Dataset\NonViolence\NV_865,0
real life violence situations\Real Life Violence Dataset\Violence\V_668,1
real life violence situations\Real Life Violence Dataset\NonViolence\NV_234,0
Real Life Violence Dataset\Violence\V_10,1
Real Life Violence Dataset\NonViolence\NV_886,0
Real Life Violence Dataset\Violence\V_139,1
Real Life Violence Dataset\NonViolence\NV_970,0
real life violence situations\Real Life Violence Dataset\NonViolence\NV_363,0
real life violence situations\Real Life Violence Dataset\NonViolence\NV_419,0
real life violence situations\Real Life Violence Dataset\NonViolence\NV_746,0
Real Life Violence Dataset\NonViolence\NV_560,0
real life violence situations\Real Life Violence Dataset\NonViolence\NV_719,0
Real Life Violence Dataset\NonViolence\NV_375,0
real life violence situations\Real Life Violence Dataset\NonViolence\NV_805,0
real life violence situations\Real Life Violence Dataset\NonViolence\NV_254,0
Real Life Violence Dataset\NonViolence\NV_36,0
Real Life Violence Dataset\NonViolence\NV_645,0
Real Life Violence Dataset\Violence\V_323,1
real life violence situations\Real Life Violence Dataset\Violence\V_283,1
real life violence situations\Real Life Violence Dataset\NonViolence\NV_427,0
real life violence situations\Real Life Violence Dataset\Violence\V_590,1
Real Life Violence Dataset\NonViolence\NV_448,0
Real Life Violence Dataset\Violence\V_498,1
real life violence situations\Real Life Violence Dataset\NonViolence\NV_679,0
Real Life Violence Dataset\NonViolence\NV_625,0
real life violence situations\Real Life Violence Dataset\Violence\V_670,1
real life violence situations\Real Life Violence Dataset\Violence\V_369,1
real life violence situations\Real Life Violence Dataset\NonViolence\NV_210,0
Real Life Violence Dataset\Violence\V_234,1
Real Life Violence Dataset\NonViolence\NV_664,0
real life violence situations\Real Life Violence Dataset\NonViolence\NV_442,0
real life violence situations\Real Life Violence Dataset\NonViolence\NV_440,0
Real Life Violence Dataset\Violence\V_742,1
Real Life Violence Dataset\Violence\V_38,1
real life violence situations\Real Life Violence Dataset\Violence\V_188,1
Real Life Violence Dataset\NonViolence\NV_240,0
real life violence situations\Real Life Violence Dataset\NonViolence\NV_237,0
real life violence situations\Real Life Violence Dataset\NonViolence\NV_720,0
real life violence situations\Real Life Violence Dataset\Violence\V_531,1
real life violence situations\Real Life Violence Dataset\NonViolence\NV_238,0
real life violence situations\Real Life Violence Dataset\NonViolence\NV_13,0
real life violence situations\Real Life Violence Dataset\NonViolence\NV_87,0
real life violence situations\Real Life Violence Dataset\NonViolence\NV_125,0
real life violence situations\Real Life Violence Dataset\NonViolence\NV_454,0
Real Life Violence Dataset\NonViolence\NV_221,0
real life violence situations\Real Life Violence Dataset\NonViolence\NV_991,0
real life violence situations\Real Life Violence Dataset\NonViolence\NV_22,0
real life violence situations\Real Life Violence Dataset\Violence\V_364,1
real life violence situations\Real Life Violence Dataset\Violence\V_875,1
real life violence situations\Real Life Violence Dataset\Violence\V_64,1
real life violence situations\Real Life Violence Dataset\NonViolence\NV_770,0
Real Life Violence Dataset\NonViolence\NV_402,0
Real Life Violence Dataset\NonViolence\NV_290,0
Real Life Violence Dataset\Violence\V_829,1
real life violence situations\Real Life Violence Dataset\Violence\V_632,1
real life violence situations\Real Life Violence Dataset\Violence\V_462,1
Real Life Violence Dataset\Violence\V_920,1
real life violence situations\Real Life Violence Dataset\Violence\V_549,1
real life violence situations\Real Life Violence Dataset\NonViolence\NV_501,0
real life violence situations\Real Life Violence Dataset\NonViolence\NV_836,0
Real Life Violence Dataset\NonViolence\NV_956,0
real life violence situations\Real Life Violence Dataset\NonViolence\NV_206,0
Real Life Violence Dataset\Violence\V_212,1
real life violence situations\Real Life Violence Dataset\Violence\V_479,1
real life violence situations\Real Life Violence Dataset\Violence\V_454,1
Real Life Violence Dataset\NonViolence\NV_738,0
real life violence situations\Real Life Violence Dataset\NonViolence\NV_904,0
real life violence situations\Real Life Violence Dataset\NonViolence\NV_835,0
real life violence situations\Real Life Violence Dataset\Violence\V_133,1
real life violence situations\Real Life Violence Dataset\Violence\V_560,1
real life violence situations\Real Life Violence Dataset\NonViolence\NV_90,0
Real Life Violence Dataset\Violence\V_985,1
real life violence situations\Real Life Violence Dataset\NonViolence\NV_191,0
real life violence situations\Real Life Violence Dataset\Violence\V_724,1
real life violence situations\Real Life Violence Dataset\Violence\V_614,1
real life violence situations\Real Life Violence Dataset\NonViolence\NV_531,0
real life violence situations\Real Life Violence Dataset\NonViolence\NV_137,0
real life violence situations\Real Life Violence Dataset\NonViolence\NV_575,0
Real Life Violence Dataset\Violence\V_858,1
Real Life Violence Dataset\NonViolence\NV_114,0
Real Life Violence Dataset\Violence\V_372,1
Real Life Violence Dataset\NonViolence\NV_818,0
Real Life Violence Dataset\Violence\V_964,1
real life violence situations\Real Life Violence Dataset\Violence\V_809,1
real life violence situations\Real Life Violence Dataset\NonViolence\NV_375,0
real life violence situations\Real Life Violence Dataset\Violence\V_502,1
Real Life Violence Dataset\Violence\V_652,1
Real Life Violence Dataset\Violence\V_876,1
Real Life Violence Dataset\NonViolence\NV_207,0
Real Life Violence Dataset\NonViolence\NV_793,0
real life violence situations\Real Life Violence Dataset\NonViolence\NV_535,0
real life violence situations\Real Life Violence Dataset\Violence\V_437,1
real life violence situations\Real Life Violence Dataset\NonViolence\NV_494,0
real life violence situations\Real Life Violence Dataset\Violence\V_147,1
Real Life Violence Dataset\NonViolence\NV_944,0
Real Life Violence Dataset\Violence\V_654,1
Real Life Violence Dataset\Violence\V_998,1
Real Life Violence Dataset\NonViolence\NV_795,0
real life violence situations\Real Life Violence Dataset\NonViolence\NV_26,0
real life violence situations\Real Life Violence Dataset\Violence\V_157,1
real life violence situations\Real Life Violence Dataset\Violence\V_755,1
Real Life Violence Dataset\Violence\V_159,1
Real Life Violence Dataset\Violence\V_935,1
real life violence situations\Real Life Violence Dataset\NonViolence\NV_129,0
real life violence situations\Real Life Violence Dataset\Violence\V_255,1
real life violence situations\Real Life Violence Dataset\Violence\V_83,1
real life violence situations\Real Life Violence Dataset\NonViolence\NV_335,0
Real Life Violence Dataset\Violence\V_715,1
Real Life Violence Dataset\NonViolence\NV_88,0
real life violence situations\Real Life Violence Dataset\NonViolence\NV_86,0
real life violence situations\Real Life Violence Dataset\NonViolence\NV_894,0
Real Life Violence Dataset\NonViolence\NV_411,0
real life violence situations\Real Life Violence Dataset\NonViolence\NV_791,0
real life violence situations\Real Life Violence Dataset\NonViolence\NV_801,0
Real Life Violence Dataset\NonViolence\NV_192,0
real life violence situations\Real Life Violence Dataset\Violence\V_135,1
Real Life Violence Dataset\Violence\V_552,1
real life violence situations\Real Life Violence Dataset\NonViolence\NV_814,0
real life violence situations\Real Life Violence Dataset\Violence\V_72,1
real life violence situations\Real Life Violence Dataset\Violence\V_789,1
real life violence situations\Real Life Violence Dataset\Violence\V_585,1
real life violence situations\Real Life Violence Dataset\NonViolence\NV_872,0
Real Life Violence Dataset\Violence\V_94,1
Real Life Violence Dataset\Violence\V_392,1
real life violence situations\Real Life Violence Dataset\NonViolence\NV_733,0
real life violence situations\Real Life Violence Dataset\NonViolence\NV_530,0
real life violence situations\Real Life Violence Dataset\Violence\V_777,1
Real Life Violence Dataset\NonViolence\NV_768,0
real life violence situations\Real Life Violence Dataset\NonViolence\NV_198,0
real life violence situations\Real Life Violence Dataset\Violence\V_735,1
Real Life Violence Dataset\Violence\V_716,1
Real Life Violence Dataset\NonViolence\NV_284,0
Real Life Violence Dataset\NonViolence\NV_211,0
real life violence situations\Real Life Violence Dataset\Violence\V_929,1
Real Life Violence Dataset\NonViolence\NV_361,0
Real Life Violence Dataset\NonViolence\NV_22,0
Real Life Violence Dataset\Violence\V_835,1
real life violence situations\Real Life Violence Dataset\Violence\V_297,1
Real Life Violence Dataset\Violence\V_531,1
Real Life Violence Dataset\Violence\V_959,1
Real Life Violence Dataset\Violence\V_786,1
real life violence situations\Real Life Violence Dataset\Violence\V_26,1
Real Life Violence Dataset\Violence\V_491,1
real life violence situations\Real Life Violence Dataset\Violence\V_900,1
Real Life Violence Dataset\NonViolence\NV_165,0
real life violence situations\Real Life Violence Dataset\NonViolence\NV_735,0
Real Life Violence Dataset\NonViolence\NV_940,0
real life violence situations\Real Life Violence Dataset\Violence\V_954,1
real life violence situations\Real Life Violence Dataset\Violence\V_720,1
Real Life Violence Dataset\NonViolence\NV_499,0
Real Life Violence Dataset\Violence\V_818,1
Real Life Violence Dataset\NonViolence\NV_552,0
real life violence situations\Real Life Violence Dataset\NonViolence\NV_28,0
real life violence situations\Real Life Violence Dataset\NonViolence\NV_760,0
Real Life Violence Dataset\Violence\V_233,1
Real Life Violence Dataset\NonViolence\NV_475,0
real life violence situations\Real Life Violence Dataset\Violence\V_359,1
real life violence situations\Real Life Violence Dataset\NonViolence\NV_373,0
Real Life Violence Dataset\Violence\V_360,1
Real Life Violence Dataset\Violence\V_158,1
Real Life Violence Dataset\Violence\V_351,1
Real Life Violence Dataset\NonViolence\NV_244,0
Real Life Violence Dataset\Violence\V_419,1
Real Life Violence Dataset\NonViolence\NV_608,0
real life violence situations\Real Life Violence Dataset\Violence\V_82,1
real life violence situations\Real Life Violence Dataset\Violence\V_785,1
real life violence situations\Real Life Violence Dataset\NonViolence\NV_673,0
real life violence situations\Real Life Violence Dataset\Violence\V_75,1
Real Life Violence Dataset\Violence\V_922,1
Real Life Violence Dataset\Violence\V_82,1
Real Life Violence Dataset\NonViolence\NV_104,0
real life violence situations\Real Life Violence Dataset\Violence\V_896,1
Real Life Violence Dataset\Violence\V_280,1
real life violence situations\Real Life Violence Dataset\NonViolence\NV_222,0
real life violence situations\Real Life Violence Dataset\NonViolence\NV_594,0
real life violence situations\Real Life Violence Dataset\NonViolence\NV_567,0
Real Life Violence Dataset\NonViolence\NV_334,0
real life violence situations\Real Life Violence Dataset\Violence\V_969,1
real life violence situations\Real Life Violence Dataset\NonViolence\NV_512,0
Real Life Violence Dataset\NonViolence\NV_575,0
Real Life Violence Dataset\Violence\V_303,1
real life violence situations\Real Life Violence Dataset\Violence\V_503,1
real life violence situations\Real Life Violence Dataset\Violence\V_271,1
real life violence situations\Real Life Violence Dataset\NonViolence\NV_487,0
real life violence situations\Real Life Violence Dataset\NonViolence\NV_247,0
Real Life Violence Dataset\Violence\V_394,1
real life violence situations\Real Life Violence Dataset\Violence\V_363,1
Real Life Violence Dataset\Violence\V_745,1
Real Life Violence Dataset\Violence\V_445,1
real life violence situations\Real Life Violence Dataset\Violence\V_124,1
Real Life Violence Dataset\NonViolence\NV_234,0
real life violence situations\Real Life Violence Dataset\Violence\V_424,1
real life violence situations\Real Life Violence Dataset\NonViolence\NV_863,0
Real Life Violence Dataset\Violence\V_693,1
real life violence situations\Real Life Violence Dataset\NonViolence\NV_179,0
Real Life Violence Dataset\Violence\V_892,1
real life violence situations\Real Life Violence Dataset\NonViolence\NV_817,0
Real Life Violence Dataset\Violence\V_822,1
real life violence situations\Real Life Violence Dataset\Violence\V_206,1
Real Life Violence Dataset\Violence\V_639,1
Real Life Violence Dataset\NonViolence\NV_25,0
real life violence situations\Real Life Violence Dataset\Violence\V_819,1
real life violence situations\Real Life Violence Dataset\NonViolence\NV_949,0
Real Life Violence Dataset\Violence\V_368,1
real life violence situations\Real Life Violence Dataset\Violence\V_1,1
real life violence situations\Real Life Violence Dataset\Violence\V_307,1
real life violence situations\Real Life Violence Dataset\Violence\V_949,1
Real Life Violence Dataset\NonViolence\NV_778,0
real life violence situations\Real Life Violence Dataset\Violence\V_440,1
Real Life Violence Dataset\Violence\V_793,1
Real Life Violence Dataset\Violence\V_947,1
Real Life Violence Dataset\Violence\V_76,1
Real Life Violence Dataset\Violence\V_21,1
Real Life Violence Dataset\NonViolence\NV_741,0
real life violence situations\Real Life Violence Dataset\Violence\V_729,1
real life violence situations\Real Life Violence Dataset\Violence\V_84,1
real life violence situations\Real Life Violence Dataset\Violence\V_21,1
real life violence situations\Real Life Violence Dataset\NonViolence\NV_67,0
real life violence situations\Real Life Violence Dataset\NonViolence\NV_154,0
real life violence situations\Real Life Violence Dataset\Violence\V_492,1
Real Life Violence Dataset\NonViolence\NV_13,0
Real Life Violence Dataset\Violence\V_44,1
Real Life Violence Dataset\Violence\V_569,1
real life violence situations\Real Life Violence Dataset\Violence\V_299,1
Real Life Violence Dataset\NonViolence\NV_510,0
Real Life Violence Dataset\Violence\V_799,1
Real Life Violence Dataset\Violence\V_281,1
real life violence situations\Real Life Violence Dataset\NonViolence\NV_966,0
real life violence situations\Real Life Violence Dataset\NonViolence\NV_969,0
real life violence situations\Real Life Violence Dataset\NonViolence\NV_945,0
Real Life Violence Dataset\Violence\V_96,1
Real Life Violence Dataset\Violence\V_276,1
real life violence situations\Real Life Violence Dataset\Violence\V_616,1
real life violence situations\Real Life Violence Dataset\NonViolence\NV_190,0
real life violence situations\Real Life Violence Dataset\Violence\V_198,1
Real Life Violence Dataset\Violence\V_272,1
real life violence situations\Real Life Violence Dataset\NonViolence\NV_92,0
Real Life Violence Dataset\NonViolence\NV_133,0
real life violence situations\Real Life Violence Dataset\NonViolence\NV_251,0
Real Life Violence Dataset\NonViolence\NV_442,0
real life violence situations\Real Life Violence Dataset\NonViolence\NV_209,0
real life violence situations\Real Life Violence Dataset\NonViolence\NV_687,0
Real Life Violence Dataset\Violence\V_468,1
real life violence situations\Real Life Violence Dataset\NonViolence\NV_142,0
Real Life Violence Dataset\Violence\V_509,1
Real Life Violence Dataset\Violence\V_54,1
real life violence situations\Real Life Violence Dataset\Violence\V_68,1
Real Life Violence Dataset\Violence\V_401,1
real life violence situations\Real Life Violence Dataset\Violence\V_38,1
Real Life Violence Dataset\NonViolence\NV_792,0
real life violence situations\Real Life Violence Dataset\Violence\V_498,1
real life violence situations\Real Life Violence Dataset\Violence\V_319,1
real life violence situations\Real Life Violence Dataset\Violence\V_641,1
real life violence situations\Real Life Violence Dataset\NonViolence\NV_321,0
real life violence situations\Real Life Violence Dataset\NonViolence\NV_489,0
real life violence situations\Real Life Violence Dataset\Violence\V_357,1
Real Life Violence Dataset\NonViolence\NV_379,0
Real Life Violence Dataset\NonViolence\NV_878,0
real life violence situations\Real Life Violence Dataset\Violence\V_697,1
real life violence situations\Real Life Violence Dataset\NonViolence\NV_555,0
real life violence situations\Real Life Violence Dataset\Violence\V_596,1
real life violence situations\Real Life Violence Dataset\NonViolence\NV_499,0
real life violence situations\Real Life Violence Dataset\Violence\V_525,1
real life violence situations\Real Life Violence Dataset\Violence\V_765,1
Real Life Violence Dataset\NonViolence\NV_80,0
Real Life Violence Dataset\Violence\V_354,1
Real Life Violence Dataset\NonViolence\NV_50,0
real life violence situations\Real Life Violence Dataset\Violence\V_152,1
real life violence situations\Real Life Violence Dataset\Violence\V_562,1
real life violence situations\Real Life Violence Dataset\Violence\V_741,1
real life violence situations\Real Life Violence Dataset\NonViolence\NV_676,0
real life violence situations\Real Life Violence Dataset\NonViolence\NV_517,0
real life violence situations\Real Life Violence Dataset\NonViolence\NV_550,0
real life violence situations\Real Life Violence Dataset\NonViolence\NV_7,0
real life violence situations\Real Life Violence Dataset\NonViolence\NV_236,0
real life violence situations\Real Life Violence Dataset\NonViolence\NV_876,0
real life violence situations\Real Life Violence Dataset\NonViolence\NV_539,0
Real Life Violence Dataset\NonViolence\NV_116,0
Real Life Violence Dataset\NonViolence\NV_200,0
real life violence situations\Real Life Violence Dataset\Violence\V_288,1
Real Life Violence Dataset\NonViolence\NV_107,0
real life violence situations\Real Life Violence Dataset\Violence\V_197,1
real life violence situations\Real Life Violence Dataset\Violence\V_111,1
real life violence situations\Real Life Violence Dataset\NonViolence\NV_610,0
Real Life Violence Dataset\NonViolence\NV_112,0
real life violence situations\Real Life Violence Dataset\NonViolence\NV_165,0
real life violence situations\Real Life Violence Dataset\Violence\V_53,1
Real Life Violence Dataset\NonViolence\NV_585,0
Real Life Violence Dataset\Violence\V_624,1
real life violence situations\Real Life Violence Dataset\NonViolence\NV_675,0
Real Life Violence Dataset\Violence\V_88,1
real life violence situations\Real Life Violence Dataset\NonViolence\NV_423,0
real life violence situations\Real Life Violence Dataset\Violence\V_828,1
real life violence situations\Real Life Violence Dataset\Violence\V_837,1
real life violence situations\Real Life Violence Dataset\Violence\V_779,1
real life violence situations\Real Life Violence Dataset\NonViolence\NV_63,0
Real Life Violence Dataset\NonViolence\NV_732,0
real life violence situations\Real Life Violence Dataset\Violence\V_975,1
Real Life Violence Dataset\NonViolence\NV_518,0
real life violence situations\Real Life Violence Dataset\Violence\V_29,1
real life violence situations\Real Life Violence Dataset\Violence\V_505,1
real life violence situations\Real Life Violence Dataset\Violence\V_971,1
real life violence situations\Real Life Violence Dataset\Violence\V_813,1
Real Life Violence Dataset\Violence\V_450,1
real life violence situations\Real Life Violence Dataset\NonViolence\NV_546,0
real life violence situations\Real Life Violence Dataset\Violence\V_909,1
real life violence situations\Real Life Violence Dataset\NonViolence\NV_677,0
Real Life Violence Dataset\NonViolence\NV_819,0
Real Life Violence Dataset\Violence\V_66,1
Real Life Violence Dataset\Violence\V_473,1
Real Life Violence Dataset\Violence\V_545,1
Real Life Violence Dataset\Violence\V_11,1
Real Life Violence Dataset\Violence\V_161,1
Real Life Violence Dataset\Violence\V_631,1
Real Life Violence Dataset\NonViolence\NV_365,0
Real Life Violence Dataset\NonViolence\NV_719,0
real life violence situations\Real Life Violence Dataset\NonViolence\NV_255,0
Real Life Violence Dataset\Violence\V_448,1
real life violence situations\Real Life Violence Dataset\NonViolence\NV_150,0
Real Life Violence Dataset\NonViolence\NV_737,0
real life violence situations\Real Life Violence Dataset\Violence\V_848,1
real life violence situations\Real Life Violence Dataset\Violence\V_872,1
real life violence situations\Real Life Violence Dataset\NonViolence\NV_658,0
real life violence situations\Real Life Violence Dataset\NonViolence\NV_707,0
real life violence situations\Real Life Violence Dataset\NonViolence\NV_187,0
Real Life Violence Dataset\Violence\V_661,1
Real Life Violence Dataset\NonViolence\NV_507,0
Real Life Violence Dataset\NonViolence\NV_5,0
real life violence situations\Real Life Violence Dataset\Violence\V_350,1
real life violence situations\Real Life Violence Dataset\Violence\V_486,1
Real Life Violence Dataset\NonViolence\NV_600,0
Real Life Violence Dataset\Violence\V_397,1
Real Life Violence Dataset\NonViolence\NV_974,0
real life violence situations\Real Life Violence Dataset\Violence\V_551,1
real life violence situations\Real Life Violence Dataset\NonViolence\NV_794,0
real life violence situations\Real Life Violence Dataset\NonViolence\NV_899,0
Real Life Violence Dataset\Violence\V_713,1
real life violence situations\Real Life Violence Dataset\Violence\V_880,1
Real Life Violence Dataset\Violence\V_949,1
Real Life Violence Dataset\Violence\V_277,1
Real Life Violence Dataset\NonViolence\NV_337,0
Real Life Violence Dataset\Violence\V_723,1
real life violence situations\Real Life Violence Dataset\Violence\V_434,1
Real Life Violence Dataset\NonViolence\NV_697,0
Real Life Violence Dataset\Violence\V_240,1
real life violence situations\Real Life Violence Dataset\NonViolence\NV_46,0
real life violence situations\Real Life Violence Dataset\Violence\V_425,1
real life violence situations\Real Life Violence Dataset\NonViolence\NV_158,0
Real Life Violence Dataset\Violence\V_913,1
real life violence situations\Real Life Violence Dataset\Violence\V_172,1
real life violence situations\Real Life Violence Dataset\Violence\V_5,1
real life violence situations\Real Life Violence Dataset\Violence\V_107,1
Real Life Violence Dataset\Violence\V_131,1
Real Life Violence Dataset\NonViolence\NV_772,0
Real Life Violence Dataset\Violence\V_630,1
Real Life Violence Dataset\NonViolence\NV_681,0
real life violence situations\Real Life Violence Dataset\Violence\V_158,1
real life violence situations\Real Life Violence Dataset\NonViolence\NV_586,0
real life violence situations\Real Life Violence Dataset\Violence\V_640,1
real life violence situations\Real Life Violence Dataset\NonViolence\NV_262,0
Real Life Violence Dataset\NonViolence\NV_743,0
real life violence situations\Real Life Violence Dataset\NonViolence\NV_613,0
real life violence situations\Real Life Violence Dataset\Violence\V_248,1
real life violence situations\Real Life Violence Dataset\Violence\V_979,1
Real Life Violence Dataset\NonViolence\NV_339,0
Real Life Violence Dataset\NonViolence\NV_115,0
Real Life Violence Dataset\Violence\V_899,1
Real Life Violence Dataset\NonViolence\NV_938,0
Real Life Violence Dataset\Violence\V_336,1
Real Life Violence Dataset\NonViolence\NV_434,0
real life violence situations\Real Life Violence Dataset\NonViolence\NV_284,0
Real Life Violence Dataset\NonViolence\NV_530,0
Real Life Violence Dataset\Violence\V_772,1
Real Life Violence Dataset\NonViolence\NV_976,0
real life violence situations\Real Life Violence Dataset\Violence\V_738,1
real life violence situations\Real Life Violence Dataset\NonViolence\NV_842,0
Real Life Violence Dataset\NonViolence\NV_893,0
Real Life Violence Dataset\NonViolence\NV_627,0
real life violence situations\Real Life Violence Dataset\NonViolence\NV_837,0
real life violence situations\Real Life Violence Dataset\Violence\V_955,1
real life violence situations\Real Life Violence Dataset\Violence\V_800,1
real life violence situations\Real Life Violence Dataset\NonViolence\NV_152,0
real life violence situations\Real Life Violence Dataset\NonViolence\NV_552,0
real life violence situations\Real Life Violence Dataset\NonViolence\NV_258,0
Real Life Violence Dataset\NonViolence\NV_378,0
real life violence situations\Real Life Violence Dataset\Violence\V_366,1
real life violence situations\Real Life Violence Dataset\NonViolence\NV_662,0
real life violence situations\Real Life Violence Dataset\Violence\V_303,1
Real Life Violence Dataset\NonViolence\NV_622,0
real life violence situations\Real Life Violence Dataset\NonViolence\NV_164,0
real life violence situations\Real Life Violence Dataset\NonViolence\NV_140,0
real life violence situations\Real Life Violence Dataset\Violence\V_276,1
real life violence situations\Real Life Violence Dataset\Violence\V_22,1
real life violence situations\Real Life Violence Dataset\NonViolence\NV_728,0
Real Life Violence Dataset\NonViolence\NV_605,0
real life violence situations\Real Life Violence Dataset\NonViolence\NV_260,0
Real Life Violence Dataset\Violence\V_882,1
Real Life Violence Dataset\NonViolence\NV_91,0
Real Life Violence Dataset\Violence\V_352,1
Real Life Violence Dataset\NonViolence\NV_117,0
Real Life Violence Dataset\Violence\V_261,1
real life violence situations\Real Life Violence Dataset\Violence\V_553,1
real life violence situations\Real Life Violence Dataset\NonViolence\NV_486,0
Real Life Violence Dataset\NonViolence\NV_800,0
Real Life Violence Dataset\Violence\V_522,1
real life violence situations\Real Life Violence Dataset\NonViolence\NV_999,0
real life violence situations\Real Life Violence Dataset\Violence\V_810,1
Real Life Violence Dataset\NonViolence\NV_27,0
Real Life Violence Dataset\Violence\V_958,1
real life violence situations\Real Life Violence Dataset\NonViolence\NV_73,0
real life violence situations\Real Life Violence Dataset\Violence\V_393,1
Real Life Violence Dataset\Violence\V_665,1
Real Life Violence Dataset\Violence\V_911,1
Real Life Violence Dataset\Violence\V_943,1
Real Life Violence Dataset\NonViolence\NV_947,0
real life violence situations\Real Life Violence Dataset\Violence\V_544,1
Real Life Violence Dataset\Violence\V_589,1
real life violence situations\Real Life Violence Dataset\NonViolence\NV_381,0
real life violence situations\Real Life Violence Dataset\Violence\V_246,1
real life violence situations\Real Life Violence Dataset\NonViolence\NV_285,0
Real Life Violence Dataset\Violence\V_789,1
real life violence situations\Real Life Violence Dataset\Violence\V_407,1
Real Life Violence Dataset\Violence\V_356,1
Real Life Violence Dataset\NonViolence\NV_723,0
Real Life Violence Dataset\NonViolence\NV_450,0
Real Life Violence Dataset\Violence\V_181,1
real life violence situations\Real Life Violence Dataset\NonViolence\NV_392,0
Real Life Violence Dataset\Violence\V_284,1
Real Life Violence Dataset\NonViolence\NV_233,0
Real Life Violence Dataset\Violence\V_529,1
Real Life Violence Dataset\Violence\V_621,1
Real Life Violence Dataset\Violence\V_393,1
real life violence situations\Real Life Violence Dataset\NonViolence\NV_825,0
real life violence situations\Real Life Violence Dataset\Violence\V_347,1
real life violence situations\Real Life Violence Dataset\NonViolence\NV_705,0
Real Life Violence Dataset\Violence\V_13,1
real life violence situations\Real Life Violence Dataset\Violence\V_712,1
Real Life Violence Dataset\Violence\V_700,1
Real Life Violence Dataset\NonViolence\NV_122,0
Real Life Violence Dataset\NonViolence\NV_678,0
real life violence situations\Real Life Violence Dataset\Violence\V_913,1
real life violence situations\Real Life Violence Dataset\NonViolence\NV_109,0
real life violence situations\Real Life Violence Dataset\Violence\V_175,1
Real Life Violence Dataset\NonViolence\NV_823,0
real life violence situations\Real Life Violence Dataset\NonViolence\NV_870,0
Real Life Violence Dataset\NonViolence\NV_736,0
real life violence situations\Real Life Violence Dataset\Violence\V_578,1
real life violence situations\Real Life Violence Dataset\NonViolence\NV_475,0
Real Life Violence Dataset\NonViolence\NV_939,0
real life violence situations\Real Life Violence Dataset\Violence\V_436,1
real life violence situations\Real Life Violence Dataset\Violence\V_643,1
real life violence situations\Real Life Violence Dataset\NonViolence\NV_23,0
real life violence situations\Real Life Violence Dataset\Violence\V_428,1
real life violence situations\Real Life Violence Dataset\NonViolence\NV_447,0
real life violence situations\Real Life Violence Dataset\Violence\V_743,1
Real Life Violence Dataset\NonViolence\NV_407,0
real life violence situations\Real Life Violence Dataset\Violence\V_333,1
real life violence situations\Real Life Violence Dataset\Violence\V_673,1
real life violence situations\Real Life Violence Dataset\Violence\V_681,1
Real Life Violence Dataset\NonViolence\NV_384,0
Real Life Violence Dataset\NonViolence\NV_836,0
real life violence situations\Real Life Violence Dataset\NonViolence\NV_963,0
Real Life Violence Dataset\NonViolence\NV_366,0
Real Life Violence Dataset\Violence\V_313,1
real life violence situations\Real Life Violence Dataset\Violence\V_964,1
Real Life Violence Dataset\Violence\V_836,1
real life violence situations\Real Life Violence Dataset\NonViolence\NV_89,0
real life violence situations\Real Life Violence Dataset\NonViolence\NV_213,0
real life violence situations\Real Life Violence Dataset\NonViolence\NV_483,0
Real Life Violence Dataset\NonViolence\NV_780,0
real life violence situations\Real Life Violence Dataset\Violence\V_102,1
